accession,ambiguous_bases,checkm2_completeness,checkm2_contamination,checkm2_model,checkm_completeness,checkm_contamination,checkm_marker_count,checkm_marker_lineage,checkm_marker_set_count,checkm_strain_heterogeneity,coding_bases,coding_density,contig_count,gc_count,gc_percentage,genome_size,gtdb_genome_representative,gtdb_representative,gtdb_taxonomy,gtdb_type_designation_ncbi_taxa,gtdb_type_designation_ncbi_taxa_sources,gtdb_type_species_of_genus,l50_contigs,l50_scaffolds,longest_contig,longest_scaffold,lsu_23s_contig_len,lsu_23s_count,lsu_23s_length,lsu_23s_query_id,lsu_5s_contig_len,lsu_5s_count,lsu_5s_length,lsu_5s_query_id,lsu_silva_23s_blast_align_len,lsu_silva_23s_blast_bitscore,lsu_silva_23s_blast_evalue,lsu_silva_23s_blast_perc_identity,lsu_silva_23s_blast_subject_id,lsu_silva_23s_taxonomy,mean_contig_length,mean_scaffold_length,mimag_high_quality,mimag_low_quality,mimag_medium_quality,n50_contigs,n50_scaffolds,ncbi_assembly_level,ncbi_assembly_name,ncbi_assembly_type,ncbi_bioproject,ncbi_biosample,ncbi_contig_count,ncbi_contig_n50,ncbi_country,ncbi_date,ncbi_genbank_assembly_accession,ncbi_genome_category,ncbi_genome_representation,ncbi_isolate,ncbi_isolation_source,ncbi_lat_lon,ncbi_molecule_count,ncbi_ncrna_count,ncbi_organism_name,ncbi_protein_count,ncbi_refseq_category,ncbi_rrna_count,ncbi_scaffold_count,ncbi_scaffold_l50,ncbi_scaffold_n50,ncbi_scaffold_n75,ncbi_scaffold_n90,ncbi_seq_rel_date,ncbi_spanned_gaps,ncbi_species_taxid,ncbi_ssu_count,ncbi_strain_identifiers,ncbi_submitter,ncbi_taxid,ncbi_taxonomy,ncbi_taxonomy_unfiltered,ncbi_total_gap_length,ncbi_total_length,ncbi_translation_table,ncbi_trna_count,ncbi_type_material_designation,ncbi_ungapped_length,ncbi_unspanned_gaps,ncbi_wgs_master,protein_count,scaffold_count,ssu_contig_len,ssu_count,ssu_gg_blast_align_len,ssu_gg_blast_bitscore,ssu_gg_blast_evalue,ssu_gg_blast_perc_identity,ssu_gg_blast_subject_id,ssu_gg_taxonomy,ssu_length,ssu_query_id,ssu_silva_blast_align_len,ssu_silva_blast_bitscore,ssu_silva_blast_evalue,ssu_silva_blast_perc_identity,ssu_silva_blast_subject_id,ssu_silva_taxonomy,total_gap_length,trna_aa_count,trna_count,trna_selenocysteine_count,taxonomy,uniprot_accessions,uniprot_tax_ids,uniprot_sequence
RS_GCF_000014445.1,0,99.99,1.23,Specific,100.0,0.53,348,o__Lactobacillales (UID374),189,0.0,1839168,88.60202248522592,2,781911,37.668606676195694,2075763,RS_GCF_000014445.1,t,d__Bacteria;p__Bacillota;c__Bacilli;o__Lactobacillales;f__Lactobacillaceae;g__Leuconostoc;s__Leuconostoc mesenteroides,type strain of species,LPSN,t,1,1,2038396,2038396,2038396,4,2912,NC_008531.1,2038396,4,108,NC_008531.1,2912,5378,0,100,CP021966.146934.149851,Bacteria;Bacillota;Bacilli;Lactobacillales;Lactobacillaceae;Leuconostoc;Leuconostoc mesenteroides,1037881,1037881,t,f,f,2038396,2038396,Complete Genome,ASM1444v1,na,PRJNA224116,SAMN02598482,none,none,none,2006-10-13,GCA_000014445.1,none,full,na,none,none,2,0,Leuconostoc mesenteroides subsp. mesenteroides ATCC 8293,2004,representative genome,12,2,1,2038396,2038396,2038396,2006/10/13,0,1245,4,ATCC 8293,"US DOE Joint Genome Institute (JGI), The Lactic Acid Bacteria Genome Consortium and Fidelity Systems Inc.",203120,d__Bacteria;p__Bacillota;c__Bacilli;o__Lactobacillales;f__Lactobacillaceae;g__Leuconostoc;s__Leuconostoc mesenteroides,d__Bacteria;x__Terrabacteria group;p__Bacillota;c__Bacilli;o__Lactobacillales;f__Lactobacillaceae;g__Leuconostoc;s__Leuconostoc mesenteroides;sb__Leuconostoc mesenteroides subsp. mesenteroides;x__Leuconostoc mesenteroides subsp. mesenteroides ATCC 8293,0,2075763,11,70,assembly from type material,2075763,0,na,2032,2,2038396,4,none,none,none,none,none,none,1548,NC_008531.1,1548,2859,0,100,CP012009.740447.742006,Bacteria;Bacillota;Bacilli;Lactobacillales;Lactobacillaceae;Leuconostoc;Leuconostoc mesenteroides subsp. dextranicum,0,19,70,0,d__Bacteria;p__Bacillota;c__Bacilli;o__Lactobacillales;f__Lactobacillaceae;g__Leuconostoc;s__Leuconostoc mesenteroides,Q03UI0,203120,MKHLDYREQEDWRKADDTIYQSPIDIPLTSIQQQENSQLIIHFEDRVQSDDRIIGEQFLVQGNLRVDGTVWALERFHFHDGAEHLVDGKRYDAEIHFVFQRDNQTLVLAVFGETADTDNGIEVRNIYDEHVNADGLMKLIPDNRSYYRYTGSLTTPPLGQNINWLILTSAIQISKQDKAFLHADYPNNYREVQDLNGREIDFFPEKK
RS_GCF_000801955.1,0,99.98,0.16,Specific,99.94,0.76,596,f__Burkholderiaceae (UID4003),218,0.0,5429206,88.93464951838858,60,3874420,63.466036246743094,6104714,RS_GCF_000801955.1,t,d__Bacteria;p__Pseudomonadota;c__Gammaproteobacteria;o__Burkholderiales;f__Burkholderiaceae;g__Ralstonia;s__Ralstonia sp000801955,not type material,none,f,7,7,957543,957543,5612,1,2875,NZ_JSZO01000010.1,5612,1,108,NZ_JSZO01000010.1,2875,5310,0,100,JSZO01000010.350.3241,Bacteria;Pseudomonadota;Gammaproteobacteria;Burkholderiales;Burkholderiaceae;Ralstonia;Ralstonia sp. A12,101745,101745,t,f,f,298673,298673,Contig,ASM80195v1,na,PRJNA224116,SAMN03174118,60,298673,Malaysia: Rimba Ilmu,2014-12-16,GCA_000801955.1,none,full,na,soil,none,0,1,Ralstonia sp. A12,5596,na,3,none,none,none,none,none,2014/12/16,0,1217052,1,A12,University of Malaya,1217052,d__Bacteria;p__Pseudomonadota;c__Betaproteobacteria;o__Burkholderiales;f__Burkholderiaceae;g__Ralstonia;s__,d__Bacteria;p__Pseudomonadota;c__Betaproteobacteria;o__Burkholderiales;f__Burkholderiaceae;g__Ralstonia;x__unclassified Ralstonia;s__Ralstonia sp. A12,0,6104714,11,49,na,6104714,0,JSZO00000000.1,5616,60,5612,1,1534,2717,0,98.631,243860,k__Bacteria;p__Proteobacteria;c__Betaproteobacteria;o__Burkholderiales;f__Oxalobacteraceae;g__Ralstonia;s__,1535,NZ_JSZO01000010.1,1535,2791,0,99.479,CP016022.3420440.3421986,Bacteria;Pseudomonadota;Gammaproteobacteria;Burkholderiales;Burkholderiaceae;Ralstonia;Ralstonia insidiosa,0,19,50,0,d__Bacteria;p__Pseudomonadota;c__Gammaproteobacteria;o__Burkholderiales;f__Burkholderiaceae;g__Ralstonia;s__Ralstonia sp000801955,"A0A0B1Y6A7,A0A0B1Y7X4","1217052,1217052",MSRLVFALLVASTFSAHAASPADHFDYQHQSEWHAVHDAFQSPIDIHTADAVAVDEDEPDAVQPHYGMLAGMVVDTGHALQVNVPGGDAKIRGRRFVLRQFHFHAHSEHTIDAKLFPAEVHLVHVAKDGRMAVIGVMLEEGAANPALDAVLKAARKGEAHEVPAIRPADLLPKSDAYYHYLGSLTTPPLTENVEWYVLKQPITASPAQLDALRSFYADNFRQPQPLEGRVVTQFDPAAPKK
RS_GCF_003663845.1,0,99.99,0.05,Specific,100.0,0.74,324,o__Flavobacteriales (UID2815),204,0.0,4429664,86.99748513025573,6,1834045,36.02018180514817,5091715,RS_GCF_003663845.1,t,d__Bacteria;p__Bacteroidota;c__Bacteroidia;o__Flavobacteriales;f__Weeksellaceae;g__Chryseobacterium;s__Chryseobacterium sp003663845,not type material,none,f,1,1,4533127,4533127,4533127,7,2745,NZ_RCCA01000001.1,4533127,5,98,NZ_RCCA01000001.1,2746,4896,0,98.871,MAYH01000004.298.3054,Bacteria;Bacteroidota;Bacteroidia;Flavobacteriales;Weeksellaceae;Chryseobacterium;Chryseobacterium artocarpi,848619,848619,t,f,f,4533127,4533127,Contig,ASM366384v1,na,PRJNA224116,SAMN07626147,6,4533127,USA: Lake Washington,2018-10-15,GCA_003663845.1,none,full,na,none,none,0,0,Chryseobacterium sp. 7,none,na,18,none,none,none,none,none,2018/10/15,0,2035214,6,7,DOE Joint Genome Institute,2035214,d__Bacteria;p__Bacteroidota;c__Flavobacteriia;o__Flavobacteriales;f__Weeksellaceae;g__Chryseobacterium;s__,d__Bacteria;x__FCB group;x__Bacteroidota/Chlorobiota group;p__Bacteroidota;c__Flavobacteriia;o__Flavobacteriales;f__Weeksellaceae;x__Chryseobacterium group;g__Chryseobacterium;x__unclassified Chryseobacterium;s__Chryseobacterium sp. 7,0,5091715,11,79,na,5091715,0,RCCA00000000.1,4660,6,4533127,5,none,none,none,none,none,none,1513,NZ_RCCA01000001.1,1509,2678,0,98.741,AY464462.1.1522,Bacteria;Bacteroidota;Bacteroidia;Flavobacteriales;Weeksellaceae;Chryseobacterium;Chryseobacterium sp. ACP12,0,19,79,0,d__Bacteria;p__Bacteroidota;c__Bacteroidia;o__Flavobacteriales;f__Weeksellaceae;g__Chryseobacterium;s__Chryseobacterium sp003663845,"A0A497UW97,A0A497ULP9","2035214,2035214",MSQSYEVIFENNKKWVESKVAEDPNFFQELAKTQHPEFLYIGCSDSRATAEELMGAKPGEVFVHRNIANVVNTLDMSSTAVIQYAVEHLKVNHIIVCGHYNCGGVKAAMTPQDLGLLNPWLRNIRDVYRLHQAELDSIQDENKRYDRLVELNVQEQCINVIKMACVQERYILEERPVVHGWVFDLRTGKIIDLEIDFEKILKDIQKIYNLTGSDWVMSRNTK
RS_GCF_001306415.1,0,99.99,0.0,Specific,98.68,0.99,571,s__algicola (UID2846),303,0.0,3517855,90.5776092602043,16,1626682,41.88375205533135,3883802,RS_GCF_001306415.1,t,d__Bacteria;p__Bacteroidota;c__Bacteroidia;o__Flavobacteriales;f__Flavobacteriaceae;g__Croceitalea;s__Croceitalea dokdonensis,type strain of species,LPSN,f,3,3,794410,794410,772424,2,2817,NZ_LDJX01000002.1,772424,3,108,NZ_LDJX01000002.1,2817,5203,0,100,LDJX01000004.34310.37172,Bacteria;Bacteroidota;Bacteroidia;Flavobacteriales;Flavobacteriaceae;Croceitalea;Croceitalea dokdonensis DOKDO 023,242737,242737,t,f,f,454530,454530,Contig,ASM130641v1,na,PRJNA224116,SAMN03702328,16,454530,South Korea: Dokdo Island,2015-10-05,GCA_001306415.1,none,full,na,sea water,37.23944 N 131.86889 E,0,1,Croceitalea dokdonensis DOKDO 023,3385,representative genome,6,none,none,none,none,none,2015/10/05,0,346188,2,DOKDO 023,Yonsei University,1300341,d__Bacteria;p__Bacteroidota;c__Flavobacteriia;o__Flavobacteriales;f__Flavobacteriaceae;g__Croceitalea;s__Croceitalea dokdonensis,d__Bacteria;x__FCB group;x__Bacteroidota/Chlorobiota group;p__Bacteroidota;c__Flavobacteriia;o__Flavobacteriales;f__Flavobacteriaceae;g__Croceitalea;s__Croceitalea dokdonensis;x__Croceitalea dokdonensis DOKDO 023,0,3883802,11,38,assembly from type material,3883802,0,LDJX00000000.1,3442,16,772424,2,1467,2682,0,99.659,4455298,k__Bacteria;p__Bacteroidetes;c__Flavobacteriia;o__Flavobacteriales;f__Flavobacteriaceae;g__Croceitalea;s__dokdonensis,1521,NZ_LDJX01000002.1,1467,2682,0,99.659,DQ191182.1.1467,Bacteria;Bacteroidota;Bacteroidia;Flavobacteriales;Flavobacteriaceae;Croceitalea;Croceitalea dokdonensis,0,19,38,0,d__Bacteria;p__Bacteroidota;c__Bacteroidia;o__Flavobacteriales;f__Flavobacteriaceae;g__Croceitalea;s__Croceitalea dokdonensis,"A0A0P7A5Z3,A0A0P7B3G5","1300341,1300341",MKIYKAILISAFLIICSCQEKQKKPNTKTQVLEDNKVQENKDDKHWSYMGETGPEHRAELEKQSDCNGDQQSPIDIIDFDVTKDPSLSPMSFHYSSNVKLHQITNNGHSIQYNFEAGDYIRVNNQKYELAQFHFHEASEHTINGVRYPLEMPLVHIGDEKKIAVLAIMAPEGANSEPFDFLEKYLPIKMGQTKQINTGFNLSMNLPEDKTYYMHKGSLTNTTLNPKCKLVYI
RS_GCF_900100115.1,0,99.92,0.24,Specific,100.0,0.0,324,o__Flavobacteriales (UID2815),204,0.0,3660327,88.49019478433168,9,1465044,35.4181549702025,4136421,RS_GCF_900100115.1,t,d__Bacteria;p__Bacteroidota;c__Bacteroidia;o__Flavobacteriales;f__Weeksellaceae;g__Chryseobacterium;s__Chryseobacterium soldanellicola,type strain of species,LPSN,f,2,2,1075512,1075512,5675,1,2749,NZ_FNKL01000006.1,1075512,3,102,NZ_FNKL01000001.1,2749,5077,0,100,FNKL01000006.256.3020,Bacteria;Bacteroidota;Bacteroidia;Flavobacteriales;Weeksellaceae;Chryseobacterium;Chryseobacterium soldanellicola,459602,459602,t,f,f,1028987,1028987,Contig,IMG-taxon 2684622906 annotated assembly,na,PRJNA224116,SAMN05421664,9,1028987,none,2016-10-21,GCA_900100115.1,none,full,na,none,none,0,0,Chryseobacterium soldanellicola,3682,representative genome,6,none,none,none,none,none,2016/10/21,0,311333,1,DSM 17072,DOE - JOINT GENOME INSTITUTE,311333,d__Bacteria;p__Bacteroidota;c__Flavobacteriia;o__Flavobacteriales;f__Weeksellaceae;g__Chryseobacterium;s__Chryseobacterium soldanellicola,d__Bacteria;x__FCB group;x__Bacteroidota/Chlorobiota group;p__Bacteroidota;c__Flavobacteriia;o__Flavobacteriales;f__Weeksellaceae;x__Chryseobacterium group;g__Chryseobacterium;s__Chryseobacterium soldanellicola,0,4136421,11,54,assembly from type material,4136421,0,FNKL00000000.1,3722,9,5675,1,1442,2663,0,100,4293619,k__Bacteria;p__Bacteroidetes;c__Flavobacteriia;o__Flavobacteriales;f__[Weeksellaceae];g__Chryseobacterium;s__,1513,NZ_FNKL01000006.1,1442,2663,0,100,AB681270.1.1442,Bacteria;Bacteroidota;Bacteroidia;Flavobacteriales;Weeksellaceae;Chryseobacterium;Chryseobacterium soldanellicola,0,19,54,0,d__Bacteria;p__Bacteroidota;c__Bacteroidia;o__Flavobacteriales;f__Weeksellaceae;g__Chryseobacterium;s__Chryseobacterium soldanellicola,"A0A1H1A8B2,A0A1H1A2C7","311333,311333",MSQSYEAIFENNKKWVESKIEKDPSFFEELAKTQHPDYLYIGCSDSRVTAEELMGTQPGEVFVTRNIANVVNTLDMSSTAVIQYAVEHLKVKHIIVCGHYNCGGVKAAMTPQDLGLLNPWLRNIRDVYRLHQAELDAIEDEGKRYDRLVELNVQEQCINVIKMACVQERYILEEYPVVHGWVFDLRTGKIIDLKIDFEKILKDIQKIYNLTSSDWVMSRKTQ
RS_GCF_001891125.1,0,100.0,0.06,Specific,100.0,0.0,348,o__Lactobacillales (UID374),189,0.0,1811239,88.40344723069181,2,769980,37.58139389593978,2048833,RS_GCF_001891125.1,t,d__Bacteria;p__Bacillota;c__Bacilli;o__Lactobacillales;f__Lactobacillaceae;g__Leuconostoc;s__Leuconostoc suionicum,type strain of species,LPSN,f,1,1,2026850,2026850,2026850,4,2913,NZ_CP015247.1,2026850,4,108,NZ_CP015247.1,2913,5380,0,100,CP015247.1774308.1777226,Bacteria;Bacillota;Bacilli;Lactobacillales;Lactobacillaceae;Leuconostoc;Leuconostoc suionicum,1024416,1024416,t,f,f,2026850,2026850,Complete Genome,ASM189112v1,na,PRJNA224116,SAMN04811211,none,none,Sweden,2016-12-08,GCA_001891125.1,none,full,na,none,none,2,0,Leuconostoc suionicum,1974,na,12,2,1,2026850,2026850,2026850,2016/12/08,0,1511761,4,DSM 20241,Chung-Ang University,1511761,d__Bacteria;p__Bacillota;c__Bacilli;o__Lactobacillales;f__Lactobacillaceae;g__Leuconostoc;s__Leuconostoc suionicum,d__Bacteria;x__Terrabacteria group;p__Bacillota;c__Bacilli;o__Lactobacillales;f__Lactobacillaceae;g__Leuconostoc;s__Leuconostoc suionicum,0,2048833,11,70,assembly from type material,2048833,0,na,2003,2,2026850,4,none,none,none,none,none,none,1548,NZ_CP015247.1,1548,2859,0,100,CP015247.136073.137632,Bacteria;Bacillota;Bacilli;Lactobacillales;Lactobacillaceae;Leuconostoc;Leuconostoc suionicum,0,19,70,0,d__Bacteria;p__Bacillota;c__Bacilli;o__Lactobacillales;f__Lactobacillaceae;g__Leuconostoc;s__Leuconostoc suionicum,A0A2N9KF87,1511761,MKHLDYREQENWREADDTIYQSPIDIPLTSIQRQENSRLIIHFEDRVQSDDRIIGEQFLVQGNLRVDGTVWELERFHFHDGAEHLIDGKRYDAEIHFVFQRDDQTLVLAVFGETANTANGIEVQNIYDEHVNAEGLMKLIPDNRSYYRYTGSLTTPPLGQNINWLVLTSAIQISKQDKAFLHADYPNNYREVQDLNGREIDFFPEKK
RS_GCF_001047075.2,0,89.22,1.63,Specific,95.03,0.52,350,o__Lactobacillales (UID374),191,0.0,1318938,84.97227802123183,179,677670,43.89989835917109,1552198,RS_GCF_001047075.2,t,d__Bacteria;p__Bacillota;c__Bacilli;o__Lactobacillales;f__Lactobacillaceae;g__Fructobacillus;s__Fructobacillus ficulneus,type strain of species,LPSN,f,22,2,71632,640546,5242,1,2905,NZ_DF967983.1,none,0,none,none,2905,5365,0,100,BBXQ01000006.2141.5047,Bacteria;Bacillota;Bacilli;Lactobacillales;Lactobacillaceae;Fructobacillus;Fructobacillus ficulneus,8623,55435,f,f,t,19924,226528,Scaffold,ASM104707v2,na,PRJNA224116,SAMD00031991,179,19924,none,2015-06-25,GCA_001047075.2,none,full,na,none,none,0,0,Fructobacillus ficulneus,1543,representative genome,3,28,2,226528,134241,28822,2015/06/25,151,157463,1,JCM 12225,"Faculty of Bioindustry, Tokyo University of Agriculture",157463,d__Bacteria;p__Bacillota;c__Bacilli;o__Lactobacillales;f__Lactobacillaceae;g__Fructobacillus;s__Fructobacillus ficulneus,d__Bacteria;x__Terrabacteria group;p__Bacillota;c__Bacilli;o__Lactobacillales;f__Lactobacillaceae;g__Fructobacillus;s__Fructobacillus ficulneus,8527,1552198,11,47,assembly from type material,1543671,0,BBXQ00000000.1,1475,28,5242,1,none,none,none,none,none,none,1546,NZ_DF967983.1,1475,2713,0,99.864,AF360736.1.1475,Bacteria;Bacillota;Bacilli;Lactobacillales;Lactobacillaceae;Fructobacillus;Fructobacillus ficulneus,8527,19,47,0,d__Bacteria;p__Bacillota;c__Bacilli;o__Lactobacillales;f__Lactobacillaceae;g__Fructobacillus;s__Fructobacillus ficulneus,A0A0K8MF09,157463,MEKLDYRFQSAWTYTTPSSWESPIAIESGSVTTKEPWQIDWTGLKTSPIRKNTELNGDQFYSQGTLVLNGQSWTLIRFHFHDGAEHLVDGSRQDGEVHLVFQNGAGQTMVVGAFLTQSDQVPVQFQPLFTLAKKDLDIQHLLPADRSSAYTYLGTLTTPPLQKDIQWLILQEPLAVHSQDLAQLKQAYPHNYRDCQPLNKRVVEEHQLVTDSVVQSS
RS_GCF_900111495.1,0,99.99,0.71,Specific,100.0,0.0,324,o__Flavobacteriales (UID2815),204,0.0,4080558,87.4079878262464,9,1679799,35.982297161942284,4668404,RS_GCF_900111495.1,t,d__Bacteria;p__Bacteroidota;c__Bacteroidia;o__Flavobacteriales;f__Weeksellaceae;g__Chryseobacterium;s__Chryseobacterium wanjuense,type strain of species,LPSN,f,1,1,2644149,2644149,5828,1,2746,NZ_FOIU01000008.1,5828,1,101,NZ_FOIU01000008.1,2746,5072,0,100,FOIU01000008.2531.5290,Bacteria;Bacteroidota;Bacteroidia;Flavobacteriales;Weeksellaceae;Chryseobacterium;Chryseobacterium wanjuense,518711,518711,t,f,f,2644149,2644149,Contig,IMG-taxon 2684622833 annotated assembly,na,PRJNA224116,SAMN05421841,9,2644149,none,2016-10-31,GCA_900111495.1,none,full,na,none,none,0,0,Chryseobacterium wanjuense,4125,representative genome,3,none,none,none,none,none,2016/10/31,0,356305,1,DSM 17724,DOE - JOINT GENOME INSTITUTE,356305,d__Bacteria;p__Bacteroidota;c__Flavobacteriia;o__Flavobacteriales;f__Weeksellaceae;g__Chryseobacterium;s__Chryseobacterium wanjuense,d__Bacteria;x__FCB group;x__Bacteroidota/Chlorobiota group;p__Bacteroidota;c__Flavobacteriia;o__Flavobacteriales;f__Weeksellaceae;x__Chryseobacterium group;g__Chryseobacterium;s__Chryseobacterium wanjuense,0,4668404,11,62,assembly from type material,4668404,0,FOIU00000000.1,4179,9,5828,1,1462,2700,0,100,1139687,k__Bacteria;p__Bacteroidetes;c__Flavobacteriia;o__Flavobacteriales;f__[Weeksellaceae];g__Chryseobacterium;s__,1513,NZ_FOIU01000008.1,1462,2700,0,100,DQ256729.1.1462,Bacteria;Bacteroidota;Bacteroidia;Flavobacteriales;Weeksellaceae;Chryseobacterium;Chryseobacterium wanjuense,0,19,62,0,d__Bacteria;p__Bacteroidota;c__Bacteroidia;o__Flavobacteriales;f__Weeksellaceae;g__Chryseobacterium;s__Chryseobacterium wanjuense,"A0A1I0RJF1,A0A1I0RH61","356305,356305",MSQSYKVIFENNKKWVESKLAEDPDFFHELAKTQHPDYLYIGCSDSRVTAEELMGTKPGEVFVTRNIANVVNTLDMSSTAVIQYAVEHLKVNHIIVCGHYNCGGVKAAMTPQDLGLLNPWLRNIRDVYRLHQAELDAIEDEAKRYDRLVELNVQEQCINVVKMACVQERYILEEFPVVHGWVFDLRTGKIIDLEIDFEKILKDIQKIYNLTSSDWVMSRKKN
RS_GCF_001653795.1,177,96.15,0.77,Specific,87.85,1.64,427,o__Burkholderiales (UID4000),214,0.0,5508054,90.517185278382,2,4157692,68.3278566750727,6085092,RS_GCF_001653795.1,t,d__Bacteria;p__Pseudomonadota;c__Gammaproteobacteria;o__Burkholderiales;f__Burkholderiaceae;g__Roseateles;s__Roseateles sp001653795,not type material,none,f,1,1,5822419,5822419,5822419,2,2877,NZ_CP011514.1,5822419,2,107,NZ_CP011514.1,2877,5313,0,100,CP011515.259443.262339,Bacteria;Pseudomonadota;Gammaproteobacteria;Burkholderiales;Comamonadaceae;Roseateles;Mitsuaria sp. 7,3042546,3042546,f,f,t,5822419,5822419,Complete Genome,ASM165379v1,na,PRJNA224116,SAMN03704891,none,none,China: Mt. Zijing; Nanjing; Jiangsu,2016-06-01,GCA_001653795.1,none,full,na,forest soil,none,2,1,Mitsuaria sp. 7,5285,na,6,2,1,5822419,5822419,5822419,2016/06/01,0,1658665,2,7,Nanjing Agricultural University,1658665,d__Bacteria;p__Pseudomonadota;c__Betaproteobacteria;o__Burkholderiales;f__Sphaerotilaceae;g__Roseateles;s__,d__Bacteria;p__Pseudomonadota;c__Betaproteobacteria;o__Burkholderiales;f__Sphaerotilaceae;g__Roseateles;x__unclassified Roseateles;s__Mitsuaria sp. 7,0,6085092,11,56,na,6085092,0,na,5300,2,5822419,2,none,none,none,none,none,none,1526,NZ_CP011514.1,1526,2819,0,100,CP011514.5817009.5818544,Bacteria;Pseudomonadota;Gammaproteobacteria;Burkholderiales;Comamonadaceae;Roseateles;Mitsuaria sp. 7,0,18,56,1,d__Bacteria;p__Pseudomonadota;c__Gammaproteobacteria;o__Burkholderiales;f__Burkholderiaceae;g__Roseateles;s__Roseateles sp001653795,"A0A1A9HPS8,A0A1A9HIT6,A0A1A9HUF5,A0A1A9HSI9","1658665,1658665,1658665,1658665",MFLHARFLLAALSVGLLSSALPAAAASQWEYTGDRGAPHWGEIDPSFATCASGHRQSPIDIVKTVKAALPALDFHYGSVAPTIWNNGHTVQVNLPAGNTLEVGDQRYELLQFHFHTPSEEHLQGRSLPMVAHFVHRNAAGELGVVAVLIRAGRSNAAWAPVFQHLPRVGEKITVDELSLDLAALLPKSLGYYDFAGSLTTPPCSEGVHWMVLKEPVTLSSRQIAAFRKLVGKNARPVQALNARVVRESE
RS_GCF_001456155.1,0,99.97,0.08,Specific,100.0,0.0,324,o__Flavobacteriales (UID2815),204,0.0,3586357,87.94906328612284,2,1453451,35.64331548205561,4077766,RS_GCF_001456155.1,t,d__Bacteria;p__Bacteroidota;c__Bacteroidia;o__Flavobacteriales;f__Weeksellaceae;g__Chryseobacterium;s__Chryseobacterium sp001456155,not type material,none,f,1,1,4072208,4072208,4072208,6,2745,NZ_CP013293.1,4072208,6,100,NZ_CP013293.1,2745,5070,0,100,CP013293.3050008.3052764,Bacteria;Bacteroidota;Bacteroidia;Flavobacteriales;Weeksellaceae;Chryseobacterium;Chryseobacterium sp. IHB B 17019,2038883,2038883,t,f,f,4072208,4072208,Complete Genome,ASM145615v1,na,PRJNA224116,SAMN04286739,none,none,India:Kashmir Valley; J & K,2015-12-03,GCA_001456155.1,none,full,na,soil,33.51 N 74.52999999 E,2,0,Chryseobacterium sp. IHB B 17019,3690,na,18,2,1,4072208,4072208,4072208,2015/12/03,0,1721091,6,IHB B 17019,CSIR-Institute of Himalayan Bioresource Technology,1721091,d__Bacteria;p__Bacteroidota;c__Flavobacteriia;o__Flavobacteriales;f__Weeksellaceae;g__Chryseobacterium;s__,d__Bacteria;x__FCB group;x__Bacteroidota/Chlorobiota group;p__Bacteroidota;c__Flavobacteriia;o__Flavobacteriales;f__Weeksellaceae;x__Chryseobacterium group;g__Chryseobacterium;x__unclassified Chryseobacterium;s__Chryseobacterium sp. IHB B 17019,0,4077766,11,72,na,4077766,0,na,3737,2,4072208,6,none,none,none,none,none,none,1513,NZ_CP013293.1,1513,2795,0,100,CP013293.4056948.4058465,Bacteria;Bacteroidota;Bacteroidia;Flavobacteriales;Weeksellaceae;Chryseobacterium;Chryseobacterium sp. IHB B 17019,0,19,70,0,d__Bacteria;p__Bacteroidota;c__Bacteroidia;o__Flavobacteriales;f__Weeksellaceae;g__Chryseobacterium;s__Chryseobacterium sp001456155,,,
GB_GCA_002455915.1,14,85.91,0.5,Specific,86.54,0.25,324,o__Flavobacteriales (UID2815),204,0.0,3499663,85.46001941838612,718,1408737,34.65603551959686,4095088,RS_GCF_026540445.1,f,d__Bacteria;p__Bacteroidota;c__Bacteroidia;o__Flavobacteriales;f__Weeksellaceae;g__Chryseobacterium;s__Chryseobacterium sp002455915,not type material,none,f,152,131,27789,30310,none,0,none,none,none,0,none,none,none,none,none,none,none,none,5661,8190,f,f,t,8805,10394,Scaffold,ASM245591v1,na,PRJNA348753,SAMN06456401,718,8805,USA:New York City,2017-10-05,GCA_002455915.1,derived from metagenome,full,UBA6632,wood,none,0,none,Chryseobacterium sp. UBA6632,0,na,none,500,131,10394,6278,4076,2017/10/05,218,1946324,none,UBA6632,University of Queensland,1946324,d__Bacteria;p__Bacteroidota;c__Flavobacteriia;o__Flavobacteriales;f__Weeksellaceae;g__Chryseobacterium;s__,d__Bacteria;x__FCB group;x__Bacteroidota/Chlorobiota group;p__Bacteroidota;c__Flavobacteriia;o__Flavobacteriales;f__Weeksellaceae;x__Chryseobacterium group;g__Chryseobacterium;x__unclassified Chryseobacterium;s__Chryseobacterium sp. UBA6632,30163,4095088,none,none,na,4064925,0,DKLU00000000.1,3918,500,none,0,none,none,none,none,none,none,none,none,none,none,none,none,none,none,30163,19,39,0,d__Bacteria;p__Bacteroidota;c__Bacteroidia;o__Flavobacteriales;f__Weeksellaceae;g__Chryseobacterium;s__Chryseobacterium sp002455915,,,
GB_GCA_002352645.1,90,95.73,0.6,General,95.73,2.14,171,k__Bacteria (UID1453),117,0.0,3103325,82.1415280270999,297,2034088,54.06611995089074,3778022,GB_GCA_002352645.1,t,d__Bacteria;p__Actinomycetota;c__Acidimicrobiia;o__UBA2766;f__UBA2766;g__UBA2766;s__UBA2766 sp002352645,not type material,none,f,43,21,110188,220172,84597,1,3037,DEIU01000074.1,84597,1,110,DEIU01000074.1,3062,2699,0,82.985,CXWK01000240.16619.19647,Bacteria;Actinomycetota;Acidimicrobiia;IMCC26256;Incertae Sedis;Incertae Sedis;wastewater metagenome,12667,34660,t,f,f,25051,58153,Scaffold,ASM235264v1,na,PRJNA348753,SAMN06454303,297,25051,USA: Coal Oil Point; Santa Barbara; California,2017-09-25,GCA_002352645.1,derived from metagenome,full,UBA2766,Oil polluted marine water,none,0,none,Acidimicrobiia bacterium UBA2766,0,na,none,109,21,58153,32510,18280,2017/09/25,188,1948317,none,UBA2766,University of Queensland,1948317,d__Bacteria;p__Actinomycetota;c__Acidimicrobiia;o__;f__;g__;s__,d__Bacteria;x__Terrabacteria group;p__Actinomycetota;c__Acidimicrobiia;x__unclassified Acidimicrobiia;s__Acidimicrobiia bacterium UBA2766,15709,3778022,none,none,na,3762313,0,DEIU00000000.1,3439,109,84597,1,none,none,none,none,none,none,1534,DEIU01000074.1,1500,1921,0,90.067,JF922598.1.1486,Bacteria;Actinomycetota;Actinobacteria;KIST-JJY010;Incertae Sedis;Incertae Sedis;uncultured bacterium,15709,19,40,0,d__Bacteria;p__Actinomycetota;c__Acidimicrobiia;o__UBA2766;f__UBA2766;g__UBA2766;s__UBA2766 sp002352645,,,
RS_GCF_000282055.1,14,100.0,0.12,Specific,99.65,1.06,511,f__Flavobacteriaceae (UID2817),283,0.0,4527650,88.74237164289568,113,1713898,33.59265637292969,5102016,RS_GCF_000282055.1,t,d__Bacteria;p__Bacteroidota;c__Bacteroidia;o__Flavobacteriales;f__Flavobacteriaceae;g__Flavobacterium;s__Flavobacterium sp000282055,not type material,none,f,18,18,298541,298541,116184,1,2870,NZ_AKJZ01000102.1,116184,1,104,NZ_AKJZ01000102.1,2870,5301,0,100,AKJZ01000102.5900.8779,Bacteria;Bacteroidota;Bacteroidia;Flavobacteriales;Flavobacteriaceae;Flavobacterium;Flavobacterium sp. CF136,45150,45150,t,f,f,89762,89762,Contig,CF136.fsa,na,PRJNA224116,SAMN00839621,113,89762,USA: Tennessee,2012-07-27,GCA_000282055.1,none,full,na,root,none,0,1,Flavobacterium sp. CF136,4258,na,3,none,none,none,none,none,2012/07/27,0,1144313,1,CF136,Oak Ridge National Lab,1144313,d__Bacteria;p__Bacteroidota;c__Flavobacteriia;o__Flavobacteriales;f__Flavobacteriaceae;g__Flavobacterium;s__,d__Bacteria;x__FCB group;x__Bacteroidota/Chlorobiota group;p__Bacteroidota;c__Flavobacteriia;o__Flavobacteriales;f__Flavobacteriaceae;g__Flavobacterium;x__unclassified Flavobacterium;s__Flavobacterium sp. CF136,0,5102016,11,46,na,5102016,0,AKJZ00000000.1,4315,113,116184,1,1500,2636,0,98.4,149006,k__Bacteria;p__Bacteroidetes;c__Flavobacteriia;o__Flavobacteriales;f__Flavobacteriaceae;g__Flavobacterium;s__succinicans,1510,NZ_AKJZ01000102.1,1511,2651,0,98.345,JXQR01000012.10.1527,Bacteria;Bacteroidota;Bacteroidia;Flavobacteriales;Flavobacteriaceae;Flavobacterium;Flavobacterium sp. MEB061,0,19,46,0,d__Bacteria;p__Bacteroidota;c__Bacteroidia;o__Flavobacteriales;f__Flavobacteriaceae;g__Flavobacterium;s__Flavobacterium sp000282055,"J3BZP7,J3C6B8","1144313,1144313",MKDFYKQILDNNKEWVEKSLALDPNYFADLAKGQTPPLLWIGCSDSRVPANEIIGAKPGEVFVHRNIANMVIHSDMNMLSVLDYAVNVLKVKHVIVCGHYGCGGVKAAMGNQSIGIIDNWIRHIKDVYRLHDRYLNSIEDETERFNTFVEINAKEQVFDLAKTSIVQGAWKNGQDLTLHGWVYGLNSGFVTDLNVNISSNDELDEVYQLKL
RS_GCF_002441695.1,7,99.97,0.11,Specific,98.49,0.88,472,o__Lactobacillales (UID543),265,0.0,2083555,86.63419546670004,75,927114,38.55250042726886,2405003,RS_GCF_002441695.1,t,d__Bacteria;p__Bacillota;c__Bacilli;o__Lactobacillales;f__Streptococcaceae;g__Lactococcus_A;s__Lactococcus_A piscium,type strain of species,LPSN,f,9,9,213454,213454,5416,1,2902,NZ_JXJW01000035.1,97483,1,110,NZ_JXJW01000007.1,2902,5337,0,99.862,FLZT01000001.253049.255952,Bacteria;Bacillota;Bacilli;Lactobacillales;Streptococcaceae;Lactococcus;Lactococcus piscium,32064,32500,t,f,f,94429,94429,Scaffold,ASM244169v1,na,PRJNA224116,SAMN03267152,75,94429,none,2017-10-04,GCA_002441695.1,none,full,na,diseased Rainbow yearling,none,0,1,Lactococcus piscium,2332,representative genome,3,74,9,94429,72360,29538,2017/10/04,1,1364,1,DSM 6634,Inner Mongolia Agricultural University,1364,d__Bacteria;p__Bacillota;c__Bacilli;o__Lactobacillales;f__Streptococcaceae;g__Lactococcus;s__Lactococcus piscium,d__Bacteria;x__Terrabacteria group;p__Bacillota;c__Bacilli;o__Lactobacillales;f__Streptococcaceae;g__Lactococcus;s__Lactococcus piscium,187,2405003,11,39,assembly from type material,2404816,0,JXJW00000000.1,2382,74,5416,1,1524,2798,0,99.803,1823053,k__Bacteria;p__Firmicutes;c__Bacilli;o__Lactobacillales;f__Streptococcaceae;g__Lactococcus;s__,1546,NZ_JXJW01000035.1,1542,2815,0,99.611,LN774769.287890.289433,Bacteria;Bacillota;Bacilli;Lactobacillales;Streptococcaceae;Lactococcus;Lactococcus piscium MKFS47,187,18,40,0,d__Bacteria;p__Bacillota;c__Bacilli;o__Lactobacillales;f__Streptococcaceae;g__Lactococcus_A;s__Lactococcus_A piscium,"A0A2A5S0T1,A0A2A5S4W4","1364,1364",MALKWDDLKNKKEKVKMNKSMKLVAVLGLILVLGACHATEKGDKAKASTPVKTHHEAINYDKQEDWEFASGKMQSPINIDSKKVDIMTPDKGEMTLNFGKKITKAENNGHSIQVTDSGQSTINGREFNLTQFHFHAESEHTVDGKHYPLEAHFVNQSQDGRIAVIGVFFKAGRENLGFKEVLADVASKKIDAITDIDKMIPQNKSFYHYLGSLTTPPLTENVEWYLMKAPLEVSQAQLDAFKKLYAHNNRKIQPLNDRKILAHDE
RS_GCF_001027725.1,0,99.92,0.11,Specific,99.65,0.65,511,f__Flavobacteriaceae (UID2817),283,33.33,4535993,86.07181011041725,89,1850833,35.12010413642479,5270010,RS_GCF_020911925.1,f,d__Bacteria;p__Bacteroidota;c__Bacteroidia;o__Flavobacteriales;f__Flavobacteriaceae;g__Flavobacterium;s__Flavobacterium cupriresistens,not type material,none,f,9,9,457279,457279,2277,2,2230,NZ_LEKS01000038.1,457279,8,104,NZ_LEKS01000003.1,2230,4119,0,100,LEKS01000038.37.2277,Bacteria;Bacteroidota;Bacteroidia;Flavobacteriales;Flavobacteriaceae;Flavobacterium;Flavobacterium sp. ABG,59213,59213,t,f,f,195793,195793,Contig,ASM102772v1,na,PRJNA224116,SAMN03765149,89,195793,USA: Montoursville; Pennsylvania,2015-06-14,GCA_001027725.1,none,full,na,Freshwater Creek,41.25 N 76.94 W,0,0,Flavobacterium sp. ABG,4343,na,13,none,none,none,none,none,2015/06/14,0,1423322,1,ABG,GCAT-SEEK,1423322,d__Bacteria;p__Bacteroidota;c__Flavobacteriia;o__Flavobacteriales;f__Flavobacteriaceae;g__Flavobacterium;s__,d__Bacteria;x__FCB group;x__Bacteroidota/Chlorobiota group;p__Bacteroidota;c__Flavobacteriia;o__Flavobacteriales;f__Flavobacteriaceae;g__Flavobacterium;x__unclassified Flavobacterium;s__Flavobacterium sp. ABG,0,5270010,11,58,na,5270010,0,LEKS00000000.1,4355,89,2804,1,1172,2137,0,99.573,150156,k__Bacteria;p__Bacteroidetes;c__Flavobacteriia;o__Flavobacteriales;f__Flavobacteriaceae;g__Flavobacterium;s__,1971,NZ_LEKS01000043.1,1488,2748,0,100,LEKS01000043.570.2057,Bacteria;Bacteroidota;Bacteroidia;Flavobacteriales;Flavobacteriaceae;Flavobacterium;Flavobacterium sp. ABG,0,19,57,0,d__Bacteria;p__Bacteroidota;c__Bacteroidia;o__Flavobacteriales;f__Flavobacteriaceae;g__Flavobacterium;s__Flavobacterium cupriresistens,"A0A0J0YMS7,A0A0J0YCT9","1423322,1423322",MKDFYKQILENNKEWVEKSLALDPNFFADLAKGQTPPLLWIGCSDSRVPANEIIGAKPGEVFVHRNIANMVVHSDMNMLSVLDYAVNVLKVKHVIVCGHYGCGGVKAAMGNQSVGIIDNWIRHIKDEYRLHDKYLNSIVDETERFNAFVEINAKEQVYNLAKTSIVQGAWKNGQDLTLHGWVYGLNSGFVTDLNVNISSNEELDDVYQLNNL
RS_GCF_000331105.1,0,99.99,0.61,Specific,100.0,1.19,454,o__Cytophagales (UID2936),336,0.0,6193224,89.27474711568524,13,3910797,56.43971460890342,6937263,RS_GCF_000331105.1,t,d__Bacteria;p__Bacteroidota;c__Bacteroidia;o__Cytophagales;f__Spirosomataceae;g__Fibrella;s__Fibrella aestuarina,type strain of species,LPSN,t,4,1,1096735,6775444,6775444,3,2827,NC_020054.1,none,0,none,none,2827,5221,0,100,HE796683.6268829.6271677,Bacteria;Bacteroidota;Bacteroidia;Cytophagales;Spirosomataceae;Fibrella;Fibrella aestuarina BUZ 2,533012,3468631,f,f,t,902348,6775444,Chromosome,ASM33110v1,na,PRJNA224116,SAMEA2272250,13,902348,none,2012-04-11,GCA_000331105.1,none,full,na,none,none,2,0,Fibrella aestuarina BUZ 2,5713,representative genome,9,2,1,6775444,6775444,6775444,2012/04/11,11,651143,3,BUZ 2,"Center for Biotechnology, Bielefeld University",1166018,d__Bacteria;p__Bacteroidota;c__Cytophagia;o__Cytophagales;f__Spirosomataceae;g__Fibrella;s__Fibrella aestuarina,d__Bacteria;x__FCB group;x__Bacteroidota/Chlorobiota group;p__Bacteroidota;c__Cytophagia;o__Cytophagales;f__Spirosomataceae;g__Fibrella;s__Fibrella aestuarina;x__Fibrella aestuarina BUZ 2,8105,6937263,11,71,assembly from type material,6929158,0,na,5773,2,6775444,3,none,none,none,none,none,none,1507,NC_020054.1,1498,2767,0,100,HE796683.6271995.6273492,Bacteria;Bacteroidota;Bacteroidia;Cytophagales;Spirosomataceae;Fibrella;Fibrella aestuarina BUZ 2,8105,19,69,0,d__Bacteria;p__Bacteroidota;c__Bacteroidia;o__Cytophagales;f__Spirosomataceae;g__Fibrella;s__Fibrella aestuarina,"I0K7K0,I0KA58,I0K9L0","1166018,1166018,1166018",MNRIFPATVGLLLLAAMGCSKTAPDDATPAPTDWNYEQTNWRSEGAPACAGQAMSPIDIDTTETRKGSLPALTFSYQSMPLQVLDDGHTIEVLGDGKNAISYNGVTYLLKQFHVHRGSEHTLNGKAAPMELHLVNQDERTGAIIVLGVFLTNGPQNAVLQQVLANLPTTQDQPNVVAGVSINPADLLPQNKAYYTYADSPMSASCTQQQDWFIFKNPVAISAGQEGAFAQKYPKNNRPIQALGNREVREN
RS_GCF_900114875.1,0,100.0,0.51,Specific,100.0,0.0,324,o__Flavobacteriales (UID2815),204,0.0,4134729,88.01556072354171,60,1616003,34.39969346864706,4697725,RS_GCF_900114875.1,t,d__Bacteria;p__Bacteroidota;c__Bacteroidia;o__Flavobacteriales;f__Weeksellaceae;g__Chryseobacterium;s__Chryseobacterium limigenitum,type strain of species,LPSN,f,7,7,589666,589666,2034,2,1674,NZ_FPKW01000051.1,364591,3,101,NZ_FPKW01000003.1,1674,3031,0,99.343,LIRF01000006.1065.3831,Bacteria;Bacteroidota;Bacteroidia;Flavobacteriales;Weeksellaceae;Chryseobacterium;Chryseobacterium sp. ERMR1:04,78295,78295,f,f,t,193444,193444,Contig,IMG-taxon 2654587896 annotated assembly,na,PRJNA224116,SAMN05216324,60,193444,none,2016-11-27,GCA_900114875.1,none,full,na,Dehydrated sludge of the municipal sewage,46.4443313 N 15.6211977 E,0,0,Chryseobacterium limigenitum,4273,representative genome,6,none,none,none,none,none,2016/11/27,0,1612149,1,SUR2,DOE - JOINT GENOME INSTITUTE,1612149,d__Bacteria;p__Bacteroidota;c__Flavobacteriia;o__Flavobacteriales;f__Weeksellaceae;g__Chryseobacterium;s__Chryseobacterium limigenitum,d__Bacteria;x__FCB group;x__Bacteroidota/Chlorobiota group;p__Bacteroidota;c__Flavobacteriia;o__Flavobacteriales;f__Weeksellaceae;x__Chryseobacterium group;g__Chryseobacterium;s__Chryseobacterium limigenitum,0,4697725,11,56,assembly from type material,4697725,0,FPKW00000000.1,4324,60,1532,1,1289,2337,0,99.379,524741,k__Bacteria;p__Bacteroidetes;c__Flavobacteriia;o__Flavobacteriales;f__[Weeksellaceae];g__Chryseobacterium;s__,1315,NZ_FPKW01000060.1,1312,2388,0,99.543,KT766029.1.1506,Bacteria;Bacteroidota;Bacteroidia;Flavobacteriales;Weeksellaceae;Chryseobacterium;Chryseobacterium sp. ERMR1:04,0,20,57,0,d__Bacteria;p__Bacteroidota;c__Bacteroidia;o__Flavobacteriales;f__Weeksellaceae;g__Chryseobacterium;s__Chryseobacterium limigenitum,"A0A1K2IFT4,A0A1K2IG28","1612149,1612149",MSQSYEVIFENNKKWVESKVANDPTFFEELAKTQNPDFLYIGCSDSRVTAEELMGTQPGEVFVTRNIANVVNTLDMSSTAVIQYAVEHLKVKHIIVCGHYNCGGVKAAMTPQDLGLLNPWLRNIRDVYRLHQAELDSIADEGKRYDRLVELNVQEQCINVIKMACVQERYILEEYPVVHGWVFDLRTGKIIDLEIDFEKTLKDIQKIYNLTSSDWVMSKKKS
RS_GCF_001045465.1,0,100.0,0.18,Specific,100.0,0.25,324,o__Flavobacteriales (UID2815),204,0.0,4569086,87.82020664749356,11,1961626,37.70347082219424,5202773,RS_GCF_001045465.1,t,d__Bacteria;p__Bacteroidota;c__Bacteroidia;o__Flavobacteriales;f__Weeksellaceae;g__Chryseobacterium;s__Chryseobacterium angstadtii,type strain of species,LPSN,f,3,3,1224030,1224030,499962,1,2748,NZ_LFND01000007.1,499962,1,98,NZ_LFND01000007.1,2748,5075,0,100,LFND01000007.126500.129260,Bacteria;Bacteroidota;Bacteroidia;Flavobacteriales;Weeksellaceae;Chryseobacterium;Chryseobacterium angstadtii,472979,472979,t,f,f,636548,636548,Contig,ASM104546v1,na,PRJNA224116,SAMN03785395,11,636548,USA: PA; Williamsport,2015-07-02,GCA_001045465.1,none,full,na,newt tank,none,0,0,Chryseobacterium angstadtii,4486,representative genome,3,none,none,none,none,none,2015/07/02,0,558151,1,KM,GCAT-SEEK,558151,d__Bacteria;p__Bacteroidota;c__Flavobacteriia;o__Flavobacteriales;f__Weeksellaceae;g__Chryseobacterium;s__Chryseobacterium angstadtii,d__Bacteria;x__FCB group;x__Bacteroidota/Chlorobiota group;p__Bacteroidota;c__Flavobacteriia;o__Flavobacteriales;f__Weeksellaceae;x__Chryseobacterium group;g__Chryseobacterium;s__Chryseobacterium angstadtii,0,5202773,11,72,assembly from type material,5202773,0,LFND00000000.1,4563,11,499962,1,1416,2615,0,100,345921,k__Bacteria;p__Bacteroidetes;c__Flavobacteriia;o__Flavobacteriales;f__[Weeksellaceae];g__Chryseobacterium;s__,1513,NZ_LFND01000007.1,1417,2617,0,100,EU999734.1.1417,Bacteria;Bacteroidota;Bacteroidia;Flavobacteriales;Weeksellaceae;Chryseobacterium;Chryseobacterium angstadtii,0,19,68,0,d__Bacteria;p__Bacteroidota;c__Bacteroidia;o__Flavobacteriales;f__Weeksellaceae;g__Chryseobacterium;s__Chryseobacterium angstadtii,A0A0J7IK31,558151,MSQSYEVIFENNRKWVESKIAQDPEFFHELSKTQNPDYLYIGCSDSRATAEEIMGAKPGEVFVHRNIANVVNTLDMSSTAVIQYAVEHLKVKHIVVCGHYNCGGVKAAMTPQDLGLLNPWLRNIRDVYRLHQAELDSIEDEGKRYDRLVELNVQEQCINVIKMACVQERYITDEYPIVHGWVFDLRTGKIIDLDIDFEQILKDIQKIYNLTSSDWVMSRKTH
RS_GCF_900188355.1,0,99.98,0.58,Specific,98.15,1.35,548,f__Flavobacteriaceae (UID2845),298,0.0,3539612,90.67390907842668,14,1171157,30.04296260344963,3903672,RS_GCF_900188355.1,t,d__Bacteria;p__Bacteroidota;c__Bacteroidia;o__Flavobacteriales;f__Flavobacteriaceae;g__Lutibacter;s__Lutibacter flavus,type strain of species,LPSN,f,4,2,660431,1399772,1399772,4,2874,NZ_FZNX01000001.1,1399772,4,105,NZ_FZNX01000001.1,2875,4396,0,94.33,LT629752.2373555.2376436,Bacteria;Bacteroidota;Bacteroidia;Flavobacteriales;Flavobacteriaceae;Polaribacter;Polaribacter sp. KT25b,278448,487959,t,f,f,491140,660431,Scaffold,IMG-taxon 2622736608 annotated assembly,na,PRJNA224116,SAMN04488111,14,491140,none,2017-07-16,GCA_900188355.1,none,full,na,none,none,0,1,Lutibacter flavus,3345,representative genome,12,8,2,660431,491140,239117,2017/07/16,6,691689,4,DSM 27993,DOE - JOINT GENOME INSTITUTE,691689,d__Bacteria;p__Bacteroidota;c__Flavobacteriia;o__Flavobacteriales;f__Flavobacteriaceae;g__Lutibacter;s__Lutibacter flavus,d__Bacteria;x__FCB group;x__Bacteroidota/Chlorobiota group;p__Bacteroidota;c__Flavobacteriia;o__Flavobacteriales;f__Flavobacteriaceae;g__Lutibacter;s__Lutibacter flavus,5398,3903672,11,43,assembly from type material,3898274,0,FZNX00000000.1,3387,8,1399772,4,1515,2573,0,97.36,669813,k__Bacteria;p__Bacteroidetes;c__Flavobacteriia;o__Flavobacteriales;f__Flavobacteriaceae;g__;s__,1518,NZ_FZNX01000001.1,1480,2606,0,98.446,KX422129.1.1480,Bacteria;Bacteroidota;Bacteroidia;Flavobacteriales;Flavobacteriaceae;Lutibacter;uncultured bacterium,5398,19,43,0,d__Bacteria;p__Bacteroidota;c__Bacteroidia;o__Flavobacteriales;f__Flavobacteriaceae;g__Lutibacter;s__Lutibacter flavus,"A0A238VZ04,A0A238VMQ8","691689,691689",MDISKIFENNKAWIAKRLSDDENYFSNLGKGQNPQILYIGCSDSRVSAEDLMGVEPGDVFVHRNIANMVPNTDLNVMSVINYAVSHLEVKHVVVCGHYSCGGVKAAMQSKDLGILNPWLRNIRDVYRLHHTELDLIEDQDKKYDRLVELNVQEQCVNVLKTSDVQKAVLEKRITVHGWVWDIHTGELKDLKIDFDKILKDIREIYRLSSED
GB_GCA_003235475.1,0,95.41,0.59,General,97.36,3.94,171,k__Bacteria (UID1453),117,50.0,2008651,93.9852994365985,117,1383229,64.72164241293619,2137197,GB_GCA_003235475.1,t,d__Bacteria;p__Actinomycetota;c__Acidimicrobiia;o__UBA5794;f__UBA5794;g__SZUA-442;s__SZUA-442 sp003235475,not type material,none,f,18,18,95521,95521,none,0,none,none,none,0,none,none,none,none,none,none,none,none,18266,18266,f,f,t,31948,31948,Contig,ASM323547v1,na,PRJNA385762,SAMN09287806,117,31948,Atlantic Ocean: Mid-Atlantic Ridge; South,2018-06-18,GCA_003235475.1,derived from metagenome,full,SZUA-258,marine hydrothermal sulfide sediment TVG11,15.16 S 13.35 W,0,none,Acidimicrobiia bacterium,0,na,none,none,none,none,none,none,2018/06/18,0,2080302,none,SZUA-258,Environmental Microbiology Lab,2080302,d__Bacteria;p__Actinomycetota;c__Acidimicrobiia;o__;f__;g__;s__,d__Bacteria;x__Terrabacteria group;p__Actinomycetota;c__Acidimicrobiia;x__unclassified Acidimicrobiia;s__Acidimicrobiia bacterium,0,2137197,none,none,na,2137197,0,QJWC00000000.1,2247,117,65125,1,none,none,none,none,none,none,1523,QJWC01000116.1,1487,2453,0,96.503,KR824993.1.1485,Bacteria;Actinomycetota;Acidimicrobiia;Actinomarinales;Incertae Sedis;Incertae Sedis;uncultured bacterium,0,20,45,1,d__Bacteria;p__Actinomycetota;c__Acidimicrobiia;o__UBA5794;f__UBA5794;g__SZUA-442;s__SZUA-442 sp003235475,"A0A7Y1SXT2,A0A950B5H2,A0A6N8ZXY9,A0A7C7XM90,A0A7K2AMX6","2080302,2080302,2080302,2080302,2080302",MSERWASLLASHRAVREPQRVAAPEHKPVAAILACSDARVPPSLLFDQPAGSIFVVRVAGNTATPAAIASLDYAVEELAVPLLIVLGHTGCGAVTAARSGKCHGYLSPITQQICELDNQTHAATLDQLIELNVLSAVTTLTNSLSPTGEGIRSGAVEVHGAVYDLSTDLVRPVQSAVTAAPS
RS_GCF_003815655.1,0,100.0,0.69,Specific,100.0,0.0,324,o__Flavobacteriales (UID2815),204,0.0,4225874,87.84214715391064,1,1643347,34.15982800219258,4810759,RS_GCF_003815655.1,t,d__Bacteria;p__Bacteroidota;c__Bacteroidia;o__Flavobacteriales;f__Weeksellaceae;g__Chryseobacterium;s__Chryseobacterium sp003815655,not type material,none,f,1,1,4810759,4810759,4810759,6,2755,NZ_CP033917.1,4810759,6,101,NZ_CP033917.1,2755,5031,0,99.637,CP015199.2474986.2477750,Bacteria;Bacteroidota;Bacteroidia;Flavobacteriales;Weeksellaceae;Chryseobacterium;Chryseobacterium glaciei,4810759,4810759,t,f,f,4810759,4810759,Complete Genome,ASM381565v1,na,PRJNA224116,SAMN10343191,none,none,United Kingdom:Irish Republic; Dublin,2018-11-25,GCA_003815655.1,none,full,na,drinking water,none,1,0,Chryseobacterium sp. G0201,none,na,18,1,1,4810759,4810759,4810759,2018/11/25,0,2487065,6,G0201,Bacterial Special Pathogens Branch (CDC),2487065,d__Bacteria;p__Bacteroidota;c__Flavobacteriia;o__Flavobacteriales;f__Weeksellaceae;g__Chryseobacterium;s__,d__Bacteria;x__FCB group;x__Bacteroidota/Chlorobiota group;p__Bacteroidota;c__Flavobacteriia;o__Flavobacteriales;f__Weeksellaceae;x__Chryseobacterium group;g__Chryseobacterium;x__unclassified Chryseobacterium;s__Chryseobacterium sp. G0201,0,4810759,11,69,na,4810759,0,na,4298,1,4810759,6,none,none,none,none,none,none,1513,NZ_CP033917.1,1506,2697,0,99.004,KT766029.1.1506,Bacteria;Bacteroidota;Bacteroidia;Flavobacteriales;Weeksellaceae;Chryseobacterium;Chryseobacterium sp. ERMR1:04,0,19,68,0,d__Bacteria;p__Bacteroidota;c__Bacteroidia;o__Flavobacteriales;f__Weeksellaceae;g__Chryseobacterium;s__Chryseobacterium sp003815655,"A0A3G6M7Y4,A0A3G6MBK0,A0A3G6MBK6","2487065,2487065,2487065",MKKLTITVCFLSLGLVNAQQHWSYDGKESPEHWGELEGNEKCNQSKFQSPINILTLKATKDKNLKNLNYHYDKGDVKDIVDNGHSLQFDFKEGSFVNYAGKEYSLIQFHAHEESEHTIDGIRYPLELHFVHKAADGSVLVIGVMVKEGEENSYFEKLKIFKSLAKNGKEDADIPFNPEKMYPKNKSFYTYHGSLTTPPCSDNVTWIVFKEPIKMTEEEVEEIAKFLPKSNNRPIQPLNGRKILMH
RS_GCF_900114355.1,0,100.0,0.02,Specific,100.0,1.44,659,f__Xanthomonadaceae (UID4214),290,0.0,4114259,86.99450577798302,31,3246438,68.80072733283743,4729332,RS_GCF_900114355.1,t,d__Bacteria;p__Pseudomonadota;c__Gammaproteobacteria;o__Xanthomonadales;f__Xanthomonadaceae;g__Lysobacter;s__Lysobacter sp900114355,not type material,none,f,5,2,610339,1514377,6057,1,2874,NZ_FOSS01000011.1,6057,1,108,NZ_FOSS01000011.1,2874,5308,0,100,LMJO01000016.292296.295189,Bacteria;Pseudomonadota;Gammaproteobacteria;Lysobacterales;Lysobacteraceae;Lysobacter;Lysobacter sp. Root983,152213,394111,t,f,f,403256,990915,Scaffold,IMG-taxon 2616644831 annotated assembly,na,PRJNA224116,SAMN04487938,31,403256,none,2016-11-02,GCA_900114355.1,none,full,na,none,none,0,1,Lysobacter sp. cf310,4148,na,3,12,2,990915,636576,252767,2016/11/02,19,1761790,1,CF310,DOE - JOINT GENOME INSTITUTE,1761790,d__Bacteria;p__Pseudomonadota;c__Gammaproteobacteria;o__Lysobacterales;f__Lysobacteraceae;g__Lysobacter;s__,d__Bacteria;p__Pseudomonadota;c__Gammaproteobacteria;o__Lysobacterales;f__Lysobacteraceae;g__Lysobacter;x__unclassified Lysobacter;s__Lysobacter sp. cf310,10722,4729332,11,50,na,4718610,0,FOSS00000000.1,4166,12,6057,1,1503,2638,0,98.337,221774,k__Bacteria;p__Proteobacteria;c__Gammaproteobacteria;o__Xanthomonadales;f__Xanthomonadaceae;g__Lysobacter;s__,1541,NZ_FOSS01000011.1,1541,2846,0,100,FOSS01000011.4164.5711,Bacteria;Pseudomonadota;Gammaproteobacteria;Lysobacterales;Lysobacteraceae;Lysobacter;Lysobacter sp. cf310,10722,19,48,0,d__Bacteria;p__Pseudomonadota;c__Gammaproteobacteria;o__Xanthomonadales;f__Xanthomonadaceae;g__Lysobacter;s__Lysobacter sp900114355,"A0A1I4DG78,A0A1I4CP50","1761790,1761790",MTQLDDLLQKNREWSQRISAEDPEFFAKLSRQQAPEYLWIGCSDSRVPANQIIDLAPGEVFVHRNIANVVVHTDLNCLSVIQFAVDVLKVKHILVVGHYGCGGVHAALHGHRYGLVDNWLRHVTDVADKHVSCISHAHQDERHDRLCELNVIEQVQNVCLTTIVRDAWSRGQPLTVHGWVYSLRNGRVNDLGMDIESHEELQSAYASAIARVHSTHGGSPR
RS_GCF_900290975.1,22,100.0,0.42,Specific,99.65,0.0,511,f__Flavobacteriaceae (UID2817),283,0.0,2807317,86.22259010195353,212,998312,30.66534992266945,3255895,RS_GCF_019565505.1,f,d__Bacteria;p__Bacteroidota;c__Bacteroidia;o__Flavobacteriales;f__Flavobacteriaceae;g__Flavobacterium;s__Flavobacterium davisii,not type material,none,f,18,18,137556,153428,4822,4,2390,NZ_OLKH01000009.1,77684,2,103,NZ_OLKH01000059.1,1618,2817,0,98.146,CP018912.36227.39103,Bacteria;Bacteroidota;Bacteroidia;Flavobacteriales;Flavobacteriaceae;Flavobacterium;Flavobacterium columnare,15356,15960,t,f,f,51970,51970,Scaffold,CIP109753.1,na,PRJNA224116,SAMEA104599851,212,51970,none,2018-02-26,GCA_900290975.1,none,full,CIP109753,none,none,0,0,Flavobacterium columnare,2802,na,9,204,18,51970,28767,14329,2018/02/26,8,996,1,CIP109753,INSTITUT PASTEUR,996,d__Bacteria;p__Bacteroidota;c__Flavobacteriia;o__Flavobacteriales;f__Flavobacteriaceae;g__Flavobacterium;s__Flavobacterium columnare,d__Bacteria;x__FCB group;x__Bacteroidota/Chlorobiota group;p__Bacteroidota;c__Flavobacteriia;o__Flavobacteriales;f__Flavobacteriaceae;g__Flavobacterium;s__Flavobacterium columnare,368,3255895,11,56,na,3255527,0,OLKH00000000.1,2830,204,4822,1,1474,2717,0,99.932,2325,k__Bacteria;p__Bacteroidetes;c__Flavobacteriia;o__Flavobacteriales;f__Flavobacteriaceae;g__Flavobacterium;s__columnare,1711,NZ_OLKH01000009.1,1474,2717,0,99.932,AB015481.1.1483,Bacteria;Bacteroidota;Bacteroidia;Flavobacteriales;Flavobacteriaceae;Flavobacterium;Flavobacterium columnare,368,19,55,0,d__Bacteria;p__Bacteroidota;c__Bacteroidia;o__Flavobacteriales;f__Flavobacteriaceae;g__Flavobacterium;s__Flavobacterium davisii,"A0AA94F2U7,A0AAI8CIR2,A0A8G0KXS6,A0A2N9P7U8,A0A246GES5","996,996,996,996,996",MSDFYKKLLDNNKKWVETKLNQDPNFFKDLAKGQNPPLLWIGCSDSRVPANEITGTKSGEVFVHRNIANMVVHTDMNMLSVLDYAVNVLKVRHVIVCGHYGCGGVKAAMGNSSFGVIDNWIRHIKDIYRFNKEKLNSIENEEERFNKFVELNVKEQVLNLAKTSIVQTVWKNGQELFLHGWVYGLNSGYVTDLQVNFSCNSDLHEMYQLEV
RS_GCF_003795125.1,0,99.99,0.53,Specific,99.34,0.0,279,c__Bacilli (UID284),151,0.0,2042138,85.64962443793611,3,866498,36.3419260971701,2384293,RS_GCF_003795125.1,t,d__Bacteria;p__Bacillota;c__Bacilli;o__Lactobacillales;f__Enterococcaceae;g__Tetragenococcus;s__Tetragenococcus osmophilus,type strain of species,LPSN,f,1,1,2329167,2329167,2329167,5,2913,NZ_CP027783.1,2329167,5,110,NZ_CP027783.1,2914,4920,0,97.186,JPVU01000341.149.3060,Bacteria;Bacillota;Bacilli;Lactobacillales;Enterococcaceae;Tetragenococcus;Tetragenococcus muriaticus PMC-11-5,794764,794764,t,f,f,2329167,2329167,Complete Genome,ASM379512v1,na,PRJNA224116,SAMN08714450,none,none,Belgium: Flanders; Tienen,2018-11-19,GCA_003795125.1,none,full,na,degraded sugar thick juice,none,3,1,Tetragenococcus osmophilus,none,representative genome,15,3,1,2329167,2329167,2329167,2018/11/19,0,526944,5,JCM 31126,Chung-Ang University,526944,d__Bacteria;p__Bacillota;c__Bacilli;o__Lactobacillales;f__Enterococcaceae;g__Tetragenococcus;s__Tetragenococcus osmophilus,d__Bacteria;x__Terrabacteria group;p__Bacillota;c__Bacilli;o__Lactobacillales;f__Enterococcaceae;g__Tetragenococcus;s__Tetragenococcus osmophilus,0,2384293,11,61,assembly from type material,2384293,0,na,2254,3,2329167,5,none,none,none,none,none,none,1551,NZ_CP027783.1,1512,2588,0,97.553,D88824.1.1512,Bacteria;Bacillota;Bacilli;Lactobacillales;Enterococcaceae;Tetragenococcus;Tetragenococcus muriaticus,0,19,61,0,d__Bacteria;p__Bacillota;c__Bacilli;o__Lactobacillales;f__Enterococcaceae;g__Tetragenococcus;s__Tetragenococcus osmophilus,,,
RS_GCF_003851545.1,0,100.0,0.14,Specific,99.94,0.46,596,f__Burkholderiaceae (UID4003),218,0.0,4250654,88.61532855176048,58,3035056,63.27320092696135,4796748,RS_GCF_003851545.1,t,d__Bacteria;p__Pseudomonadota;c__Gammaproteobacteria;o__Burkholderiales;f__Burkholderiaceae;g__Ralstonia;s__Ralstonia sp003851545,not type material,none,f,7,7,561941,561941,5611,1,2875,NZ_BHVX01000036.1,5611,1,108,NZ_BHVX01000036.1,2875,5293,0,99.896,CP001644.2908541.2911417,Bacteria;Pseudomonadota;Gammaproteobacteria;Burkholderiales;Burkholderiaceae;Ralstonia;Ralstonia pickettii 12D,82702,82702,t,f,f,287261,287261,Contig,ASM385154v1,na,PRJNA224116,SAMD00143297,58,287261,Japan:Hyogo,2018-10-19,GCA_003851545.1,none,full,na,Root nodules of Aeschynomene indica,none,0,0,Ralstonia sp. SET104,none,na,3,none,none,none,none,none,2018/10/19,0,2448774,1,SET104,Ryukoku University,2448774,d__Bacteria;p__Pseudomonadota;c__Betaproteobacteria;o__Burkholderiales;f__Burkholderiaceae;g__Ralstonia;s__,d__Bacteria;p__Pseudomonadota;c__Betaproteobacteria;o__Burkholderiales;f__Burkholderiaceae;g__Ralstonia;x__unclassified Ralstonia;s__Ralstonia sp. SET104,0,4796748,11,49,na,4796748,0,BHVX00000000.1,4483,58,5611,1,none,none,none,none,none,none,1535,NZ_BHVX01000036.1,1535,2796,0,99.544,CP011257.1309991.1311537,Bacteria;Pseudomonadota;Gammaproteobacteria;Burkholderiales;Burkholderiaceae;Ralstonia;Ralstonia mannitolilytica,0,19,49,0,d__Bacteria;p__Pseudomonadota;c__Gammaproteobacteria;o__Burkholderiales;f__Burkholderiaceae;g__Ralstonia;s__Ralstonia sp003851545,"A0A401K117,A0A401K750,A0A401K938,A0A401KAV3","2448774,2448774,2448774,2448774",MHRPKRMLVENIVWAHEIAARDPGFFSRLAQGQQPQVLWIGCADSRVPAETITHSNPGDLFVHRNIANLVCLADDNTMSVLEYAVRVLKVAHVIVCGHDGCGGVRASLLPPPDGLPHVARRIAPLCALAGHHRAELDAMPDLGARVNRLAELNVLEQVRCLRESPIVRQAEPPPRVHGWIFGLTDGRIRVLASGGPDAEHATCGDILMPTEAIA
RS_GCF_003709475.1,0,99.99,3.21,Specific,100.0,2.94,324,o__Flavobacteriales (UID2815),204,85.71,3816536,87.82664865276595,15,1419878,32.67442681944884,4345533,RS_GCF_902728265.1,f,d__Bacteria;p__Bacteroidota;c__Bacteroidia;o__Flavobacteriales;f__Weeksellaceae;g__Chryseobacterium;s__Chryseobacterium potabilaquae,type strain of species,LPSN,f,2,2,1294719,1294719,476268,8,2744,NZ_QWIV01000015.1,830967,8,101,NZ_QWIV01000005.1,2749,4745,0,97.89,JWTA01000017.287.3040,Bacteria;Bacteroidota;Bacteroidia;Flavobacteriales;Weeksellaceae;Chryseobacterium;Chryseobacterium taiwanense,289702,289702,t,f,f,1255059,1255059,Contig,ASM370947v1,na,PRJNA224116,SAMN09925764,15,1255059,India: Bangalore,2018-11-01,GCA_003709475.1,none,full,na,rotten fig,none,0,0,Chryseobacterium nematophagum,none,na,23,none,none,none,none,none,2018/11/01,0,2305228,7,JUb275,University of Glasgow,2305228,d__Bacteria;p__Bacteroidota;c__Flavobacteriia;o__Flavobacteriales;f__Weeksellaceae;g__Chryseobacterium;s__Chryseobacterium nematophagum,d__Bacteria;x__FCB group;x__Bacteroidota/Chlorobiota group;p__Bacteroidota;c__Flavobacteriia;o__Flavobacteriales;f__Weeksellaceae;x__Chryseobacterium group;g__Chryseobacterium;s__Chryseobacterium nematophagum,0,4345533,11,66,na,4345533,0,QWIV00000000.1,3598,15,830967,7,none,none,none,none,none,none,1513,NZ_QWIV01000005.1,1516,2556,0,97.164,CP009928.2837586.2839108,Bacteria;Bacteroidota;Bacteroidia;Flavobacteriales;Weeksellaceae;Chryseobacterium;Chryseobacterium gallinarum,0,19,65,0,d__Bacteria;p__Bacteroidota;c__Bacteroidia;o__Flavobacteriales;f__Weeksellaceae;g__Chryseobacterium;s__Chryseobacterium potabilaquae,"A0A3M7LDK3,A0A3M7LFR2,A0A3M7TEN6,A0A3M7TCG0","2305228,2305228,2305228,2305228",MKKITMLMALFIALTISAQQHWSYQGKEAPEHWSEMEGNEKCGQSKSQSPINIVTQKTKQDKNLEKLFFNYTPGDIKEIEDNGHSLQFDFKEGSFINYGGKKYNLIQFHAHEESEHTINGLRYPLELHFVHKAIDGSVLVIAVMVKEGSENSYFEKLKIFKGLAKNAKEDTDIVFNPENMFPKNKGYYTYFGSLTTPPCSDNVTWIVFKNPIDMTEDEIEDISKHLPKSNNRPLQPLNERTILSTK
GB_GCA_003140235.1,814,89.24,3.45,General,93.32,0.71,188,k__Bacteria (UID3187),117,0.0,4334679,88.3798318395662,265,2773289,56.593472858880624,4904602,GB_GCA_003140235.1,t,d__Bacteria;p__Acidobacteriota;c__Terriglobia;o__Terriglobales;f__Gp1-AA117;g__Angelobacter;s__Angelobacter sp003140235,not type material,none,f,43,40,109976,118265,13029,1,288,PLJN01000015.1,13029,1,110,PLJN01000015.1,293,364,2.41e-99,89.761,CP000360.5256362.5259327,Bacteria;Acidobacteriota;Acidobacteriae;Terriglobales;Koribacteraceae;Candidatus Koribacter;Candidatus Koribacter versatilis Ellin345,18495,24042,f,f,t,39071,40778,Scaffold,20110800_P1M,na,PRJNA386568,SAMN08179126,265,39071,Sweden: Stordalen Mire,2018-05-18,GCA_003140235.1,derived from metagenome,full,palsa_191,permafrost active layer soil,68.3534 N 19.0472 E,0,none,Acidobacteriaceae bacterium,0,na,none,204,40,40778,21595,10632,2018/05/18,61,2052142,none,palsa_191,"Australian Centre for Ecogenomics, The University of Queensland",2052142,d__Bacteria;p__Acidobacteriota;c__Terriglobia;o__Terriglobales;f__Acidobacteriaceae;g__;s__,d__Bacteria;p__Acidobacteriota;c__Terriglobia;o__Terriglobales;f__Acidobacteriaceae;x__unclassified Acidobacteriaceae;s__Acidobacteriaceae bacterium,3419,4904602,none,none,na,4901183,0,PLJN00000000.1,4708,204,none,0,none,none,none,none,none,none,none,none,none,none,none,none,none,none,3419,19,51,1,d__Bacteria;p__Acidobacteriota;c__Terriglobia;o__Terriglobales;f__Gp1-AA117;g__Angelobacter;s__Angelobacter sp003140235,"A0A7Y5RDR0,A0A950Z4T4,A0A9E2YQM0,A0A949XKN6,A0A950Z1P2","2052142,2052142,2052142,2052142,2052142",MSTPWSRRTFLVAAASASIAPSLSSAAQEVPPSSPDAALQRLMEGNRRFAADQYTSIAQDLKVLKEHTVDKQEPFAAVLSCADSRVPVELVFDQTIGHIFVRRVAGNIINSEIIGSLEYGAAGLGVEVLVVMGHANCGAVKAAIAKKPVPGQIASLYPHLQPAVEAAGGNLVAAIKKNAQIQANLLAQTSTVLWPMVNEGKLKIQAAFYDVATGVVTLL
GB_GCA_002707695.1,20,61.79,0.04,General,71.03,0.0,270,c__Gammaproteobacteria (UID4266),172,0.0,1252871,92.77186138915916,56,587179,43.479732181335926,1350486,GB_GCA_002707695.1,t,d__Bacteria;p__Pseudomonadota;c__Gammaproteobacteria;o__UBA12402;f__UBA12402;g__GCA-2707695;s__GCA-2707695 sp002707695,not type material,none,f,18,18,71510,71510,none,0,none,none,none,0,none,none,none,none,none,none,none,none,24115,24115,f,f,t,25367,25367,Contig,ASM270769v1,na,PRJNA391943,SAMN07619283,56,25367,Atlantic Ocean: North Atlantic Ocean,2017-10-25,GCA_002707695.1,derived from metagenome,full,SAT2595,marine water sample,none,0,0,Legionellaceae bacterium,1271,na,0,none,none,none,none,none,2017/10/25,0,2026753,0,SAT2595,Tara Oceans Consortium,2026753,d__Bacteria;p__Pseudomonadota;c__Gammaproteobacteria;o__Legionellales;f__Legionellaceae;g__;s__,d__Bacteria;p__Pseudomonadota;c__Gammaproteobacteria;o__Legionellales;f__Legionellaceae;x__unclassified Legionellaceae;s__Legionellaceae bacterium,0,1350486,11,20,na,1350486,0,PANR00000000.1,1300,56,none,0,none,none,none,none,none,none,none,none,none,none,none,none,none,none,0,16,20,0,d__Bacteria;p__Pseudomonadota;c__Gammaproteobacteria;o__UBA12402;f__UBA12402;g__GCA-2707695;s__GCA-2707695 sp002707695,A0A2E2WPJ1,2026753,MKRLAKIITVSVAALLATPSIAVQQAWDYTGKNGPAHWSAIYPACSAQMQSPIDIPSGTPPNKNLPSLEFVFTPTSAKVVDDGRRLEASMLNKSNTLSIGSAAYLLTGFNIHLPSENRVAGKAYPAEIQLVYKGKQGALAVVGIFVEPGQANTTLAQFIQAARRSDGMSSYLNKIKEKISASKPLGKHQSDQSGLVINANDFLPDDSNAYYSFTGSLTAPPCTGNITWYVLAEPITASAAQLKALEAFYYNNVRPVQPIDGRNIHYKPPETAQSSS
RS_GCF_003710065.1,0,100.0,0.29,Specific,99.93,0.49,324,o__Flavobacteriales (UID2815),204,0.0,3895294,86.70150490878221,3,1469670,32.71193412340377,4492764,RS_GCF_902729325.1,f,d__Bacteria;p__Bacteroidota;c__Bacteroidia;o__Flavobacteriales;f__Weeksellaceae;g__Chryseobacterium;s__Chryseobacterium fistulae,not type material,none,f,1,1,4280332,4280332,4280332,8,2748,NZ_QWIU01000002.1-#7,4280332,7,101,NZ_QWIU01000002.1,2750,4737,0,97.818,FTMM01000050.372.3130,Bacteria;Bacteroidota;Bacteroidia;Flavobacteriales;Weeksellaceae;Chryseobacterium;Chryseobacterium sp. RU37D,1497588,1497588,t,f,f,4280332,4280332,Contig,ASM371006v1,na,PRJNA224116,SAMN09925763,3,4280332,France: Paris,2018-11-02,GCA_003710065.1,none,full,na,from a rotten apple,none,0,0,Chryseobacterium nematophagum,none,representative genome,23,none,none,none,none,none,2018/11/02,0,2305228,8,JUb129,University of Glasgow,2305228,d__Bacteria;p__Bacteroidota;c__Flavobacteriia;o__Flavobacteriales;f__Weeksellaceae;g__Chryseobacterium;s__Chryseobacterium nematophagum,d__Bacteria;x__FCB group;x__Bacteroidota/Chlorobiota group;p__Bacteroidota;c__Flavobacteriia;o__Flavobacteriales;f__Weeksellaceae;x__Chryseobacterium group;g__Chryseobacterium;s__Chryseobacterium nematophagum,0,4492764,11,66,na,4492764,0,QWIU00000000.1,3745,3,4280332,8,none,none,none,none,none,none,1514,NZ_QWIU01000002.1-#7,1517,2551,0,97.1,CP009928.2837586.2839108,Bacteria;Bacteroidota;Bacteroidia;Flavobacteriales;Weeksellaceae;Chryseobacterium;Chryseobacterium gallinarum,0,19,66,0,d__Bacteria;p__Bacteroidota;c__Bacteroidia;o__Flavobacteriales;f__Weeksellaceae;g__Chryseobacterium;s__Chryseobacterium fistulae,"A0A3M7LDK3,A0A3M7LFR2,A0A3M7TEN6,A0A3M7TCG0","2305228,2305228,2305228,2305228",MKKITMLMALFIALTISAQQHWSYQGKEAPEHWSEMEGNEKCGQSKSQSPINIVTQKTKQDKNLEKLFFNYTPGDIKEIEDNGHSLQFDFKEGSFINYGGKKYNLIQFHAHEESEHTINGLRYPLELHFVHKAIDGSVLVIAVMVKEGSENSYFEKLKIFKGLAKNAKEDTDIVFNPENMFPKNKGYYTYFGSLTTPPCSDNVTWIVFKNPIDMTEDEIEDISKHLPKSNNRPLQPLNERTILSTK
RS_GCF_000430825.1,0,99.96,0.24,Specific,100.0,0.0,324,o__Flavobacteriales (UID2815),204,0.0,3734512,88.60968773994178,27,1522913,36.1359386864085,4214564,RS_GCF_000430825.1,t,d__Bacteria;p__Bacteroidota;c__Bacteroidia;o__Flavobacteriales;f__Weeksellaceae;g__Chryseobacterium;s__Chryseobacterium daeguense,type strain of species,LPSN,f,5,5,450817,485013,5005,1,2414,NZ_AUMT01000026.1,222046,1,102,NZ_AUMT01000008.1,2407,4446,0,100,AUMT01000026.2.2408,Bacteria;Bacteroidota;Bacteroidia;Flavobacteriales;Weeksellaceae;Chryseobacterium;Chryseobacterium daeguense DSM 19388,156088,168582,t,f,f,367059,367059,Scaffold,ASM43082v1,na,PRJNA224116,SAMN02441479,27,367059,South Korea,2013-07-16,GCA_000430825.1,none,full,na,none,35.879314 N 128.60281 E,0,0,Chryseobacterium daeguense DSM 19388,3950,representative genome,3,25,5,367059,156221,88816,2013/07/16,2,412438,1,DSM 19388,DOE Joint Genome Institute,1121286,d__Bacteria;p__Bacteroidota;c__Flavobacteriia;o__Flavobacteriales;f__Weeksellaceae;g__Chryseobacterium;s__Chryseobacterium daeguense,d__Bacteria;x__FCB group;x__Bacteroidota/Chlorobiota group;p__Bacteroidota;c__Flavobacteriia;o__Flavobacteriales;f__Weeksellaceae;x__Chryseobacterium group;g__Chryseobacterium;s__Chryseobacterium daeguense;x__Chryseobacterium daeguense DSM 19388,164,4214564,11,56,assembly from type material,4214400,0,AUMT00000000.1,4017,25,5005,1,1472,2719,0,100,1123618,k__Bacteria;p__Bacteroidetes;c__Flavobacteriia;o__Flavobacteriales;f__[Weeksellaceae];g__Chryseobacterium;s__,1513,NZ_AUMT01000026.1,1497,2765,0,100,AUMT01000026.3056.4552,Bacteria;Bacteroidota;Bacteroidia;Flavobacteriales;Weeksellaceae;Chryseobacterium;Chryseobacterium daeguense DSM 19388,164,19,57,0,d__Bacteria;p__Bacteroidota;c__Bacteroidia;o__Flavobacteriales;f__Weeksellaceae;g__Chryseobacterium;s__Chryseobacterium daeguense,,,
RS_GCF_900156075.1,0,99.99,0.09,Specific,100.0,0.25,324,o__Flavobacteriales (UID2815),204,0.0,2649795,86.25775159100897,65,1075724,35.025722509475,3071950,RS_GCF_900156075.1,t,d__Bacteria;p__Bacteroidota;c__Bacteroidia;o__Flavobacteriales;f__Weeksellaceae;g__Chryseobacterium;s__Chryseobacterium sp900156075,not type material,none,f,11,11,203741,203741,5928,1,2744,NZ_FTMM01000050.1,5928,1,102,NZ_FTMM01000050.1,2744,5068,0,100,FTMM01000050.372.3130,Bacteria;Bacteroidota;Bacteroidia;Flavobacteriales;Weeksellaceae;Chryseobacterium;Chryseobacterium sp. RU37D,47249,47999,t,f,f,106128,106128,Scaffold,IMG-taxon 2708742463 annotated assembly,na,PRJNA224116,SAMN05880574,65,106128,none,2017-01-14,GCA_900156075.1,none,full,na,none,none,0,0,Chryseobacterium sp. RU37D,2746,na,3,64,11,106128,56134,25557,2017/01/14,1,1907397,1,RU37D,DOE - JOINT GENOME INSTITUTE,1907397,d__Bacteria;p__Bacteroidota;c__Flavobacteriia;o__Flavobacteriales;f__Weeksellaceae;g__Chryseobacterium;s__,d__Bacteria;x__FCB group;x__Bacteroidota/Chlorobiota group;p__Bacteroidota;c__Flavobacteriia;o__Flavobacteriales;f__Weeksellaceae;x__Chryseobacterium group;g__Chryseobacterium;x__unclassified Chryseobacterium;s__Chryseobacterium sp. RU37D,710,3071950,11,48,na,3071240,0,FTMM00000000.1,2785,64,5928,1,1475,2625,0,98.78,147462,k__Bacteria;p__Bacteroidetes;c__Flavobacteriia;o__Flavobacteriales;f__[Weeksellaceae];g__Chryseobacterium;s__,1513,NZ_FTMM01000050.1,1513,2795,0,100,FTMM01000050.3948.5467,Bacteria;Bacteroidota;Bacteroidia;Flavobacteriales;Weeksellaceae;Chryseobacterium;Chryseobacterium sp. RU37D,710,19,48,0,d__Bacteria;p__Bacteroidota;c__Bacteroidia;o__Flavobacteriales;f__Weeksellaceae;g__Chryseobacterium;s__Chryseobacterium sp900156075,"A0A1N6NYA0,A0A1N6UQH1,A0A1N6PGB0","1907397,1907397,1907397",MKKLIFTFGLFSLSLVYAQEKWSYQGDKSPEHWSEFEGNEKCGQSKSQSPIDITTSEVVSGKSKKDIIFHYDINDIKDINDNGHTLQFDFKEGNYIIYNQKKYFLIQFHSHEESEHTIDGIRYPLELHFVHKAMDGSVLVIGLMVKEGQENSYFEKLSAFKNLTKDQKVDTDINFNPENMYPKNKSYYTYSGSLTTPPCSDNVTWIVFKNSIDMTKTEIEDIAKHLPKSNNRPIQPLNGRKITSYKSSTK
RS_GCF_000981525.1,0,100.0,0.27,Specific,98.49,1.82,472,o__Lactobacillales (UID543),265,0.0,2185343,87.30664712796226,3,965651,38.57872704914693,2503066,RS_GCF_006770265.1,f,d__Bacteria;p__Bacillota;c__Bacilli;o__Lactobacillales;f__Streptococcaceae;g__Lactococcus_A;s__Lactococcus_A carnosus,not type material,none,f,1,1,2394138,2394138,2394138,4,2902,NZ_LN774769.1,2394138,5,110,NZ_LN774769.1,2902,5360,0,100,LN774769.2307176.2310079,Bacteria;Bacillota;Bacilli;Lactobacillales;Streptococcaceae;Lactococcus;Lactococcus piscium MKFS47,834355,834355,t,f,f,2394138,2394138,Complete Genome,L_piscium,na,PRJNA224116,SAMEA3208644,none,none,Finland,2015-04-03,GCA_000981525.1,none,full,na,cold-stored modified atmosphere packaged broiler filet strips with the first signs of spoilage,none,3,1,Lactococcus piscium MKFS47,2429,na,13,3,1,2394138,2394138,2394138,2015/04/03,0,1364,4,MKFS47,UNIVERSITY OF HELSINKI,297352,d__Bacteria;p__Bacillota;c__Bacilli;o__Lactobacillales;f__Streptococcaceae;g__Lactococcus;s__Lactococcus piscium,d__Bacteria;x__Terrabacteria group;p__Bacillota;c__Bacilli;o__Lactobacillales;f__Streptococcaceae;g__Lactococcus;s__Lactococcus piscium;x__Lactococcus piscium MKFS47,0,2503066,11,55,na,2503066,0,na,2472,3,2394138,4,none,none,none,none,none,none,1546,NZ_LN774769.1,1542,2848,0,100,LN774769.1706682.1708225,Bacteria;Bacillota;Bacilli;Lactobacillales;Streptococcaceae;Lactococcus;Lactococcus piscium MKFS47,0,19,56,0,d__Bacteria;p__Bacillota;c__Bacilli;o__Lactobacillales;f__Streptococcaceae;g__Lactococcus_A;s__Lactococcus_A carnosus,"A0A0D6DX51,A0A0D6DZA7","297352,297352",MKKSMKLVAALGLILVLGACHATEKETKAKASASVKTHHEAINYDKQEDWEFASGKMQSPINIDSKKVEMLTPDKGEMILNFGKEITKAEDNGHSIQITDSGQSTINGRQFNLTQFHFHAESEHTIDGKHYPLEAHFVNQSQDGRIAVIGVFFKAGRENLGFKEVLADVASKKIDAITDIDKMIPRNKSFYHYLGSLTTPPLTENVEWYIMKEPMEVSQAQLDAFKKLYAHNNRKIQPLNDRKILAHDE
RS_GCF_003996965.1,0,100.0,0.25,Specific,99.65,1.69,511,f__Flavobacteriaceae (UID2817),283,0.0,5198089,87.67058619550914,282,2206764,37.22163646646413,5929114,RS_GCF_003996965.1,t,d__Bacteria;p__Bacteroidota;c__Bacteroidia;o__Flavobacteriales;f__Flavobacteriaceae;g__Flavobacterium;s__Flavobacterium cupreum,type strain of species,LPSN,f,7,7,652774,652774,5253,7,2962,NZ_QWDM01000035.1,190064,2,104,NZ_QWDM01000011.1,1505,2604,0,97.94,CP033068.4204437.4207324,Bacteria;Bacteroidota;Bacteroidia;Flavobacteriales;Flavobacteriaceae;Flavobacterium;Flavobacterium sp. 140616W15,21023,21482,t,f,f,341169,341169,Scaffold,ASM399696v1,na,PRJNA224116,SAMN09874187,282,341169,Antarctica: James Ross Island,2019-01-07,GCA_003996965.1,none,full,na,regolith,63.8069444 S 57.9250000 W,0,1,Flavobacterium cupreum,none,representative genome,16,276,7,341169,155292,115563,2019/01/07,6,2133766,3,CCM 8825,Masaryk University,2133766,d__Bacteria;p__Bacteroidota;c__Flavobacteriia;o__Flavobacteriales;f__Flavobacteriaceae;g__Flavobacterium;s__Flavobacterium cupreum,d__Bacteria;x__FCB group;x__Bacteroidota/Chlorobiota group;p__Bacteroidota;c__Flavobacteriia;o__Flavobacteriales;f__Flavobacteriaceae;g__Flavobacterium;s__Flavobacterium cupreum,401,5929114,11,48,assembly from type material,5928713,0,QWDM00000000.1,5223,276,5253,4,none,none,none,none,none,none,1510,NZ_QWDM01000035.1,1510,2706,0,99.007,CP033068.2323372.2324888,Bacteria;Bacteroidota;Bacteroidia;Flavobacteriales;Flavobacteriaceae;Flavobacterium;Flavobacterium sp. 140616W15,401,19,49,0,d__Bacteria;p__Bacteroidota;c__Bacteroidia;o__Flavobacteriales;f__Flavobacteriaceae;g__Flavobacterium;s__Flavobacterium cupreum,"A0A434A4E2,A0A434ADL2","2133766,2133766",MREFYNKLLENNKEWVEKSLALDPNYFADLAKGQTPPLLWIGCSDSRVPANEIIGAKPGEVFVHRNIANMVVHSDMNMLSVLDYAVNVLKVKHVIVCGHYGCGGVKAAMGNQSVGIIDNWIRHIKDEYRLHDKYLNSIEDETERFNAFVEINAKEQVYNLAKTSIVQGAWKNGQELMLHGWVYGLNSGFVTDLDVNISSNEELDAVYQLDL
RS_GCF_001653935.1,0,99.99,0.08,Specific,99.83,0.92,596,f__Burkholderiaceae (UID4003),218,0.0,5319153,88.83374122084345,3,3810402,63.63649724220836,5987762,RS_GCF_008801405.1,f,d__Bacteria;p__Pseudomonadota;c__Gammaproteobacteria;o__Burkholderiales;f__Burkholderiaceae;g__Ralstonia;s__Ralstonia insidiosa,not type material,none,f,1,1,3968071,3968071,1968926,3,2874,NZ_CP012606.1,3968071,3,108,NZ_CP012605.1,2874,5308,0,100,CP012606.408975.411850,Bacteria;Pseudomonadota;Gammaproteobacteria;Burkholderiales;Burkholderiaceae;Ralstonia;Ralstonia insidiosa,1995920,1995920,t,f,f,3968071,3968071,Complete Genome,ASM165393v1,na,PRJNA224116,SAMN03795175,none,none,USA: Jessup; MD,2016-06-01,GCA_001653935.1,none,full,na,fresh-cut produce processing plant,39.14 N 76.77 W,3,1,Ralstonia insidiosa,5572,na,9,3,1,3968071,1968926,1968926,2016/06/01,0,190721,3,FC1138,Environmental microbiology and food safety lab,190721,d__Bacteria;p__Pseudomonadota;c__Betaproteobacteria;o__Burkholderiales;f__Burkholderiaceae;g__Ralstonia;s__Ralstonia insidiosa,d__Bacteria;p__Pseudomonadota;c__Betaproteobacteria;o__Burkholderiales;f__Burkholderiaceae;g__Ralstonia;s__Ralstonia insidiosa,0,5987762,11,53,na,5987762,0,na,5636,3,3968071,3,none,none,none,none,none,none,1535,NZ_CP012605.1,1535,2835,0,100,CP016022.3420440.3421986,Bacteria;Pseudomonadota;Gammaproteobacteria;Burkholderiales;Burkholderiaceae;Ralstonia;Ralstonia insidiosa,0,19,54,0,d__Bacteria;p__Pseudomonadota;c__Gammaproteobacteria;o__Burkholderiales;f__Burkholderiaceae;g__Ralstonia;s__Ralstonia insidiosa,"A0A191ZSQ4,A0A848NZ04,A0A848NXY0,A0A192A4K0,A0AAC9FTJ3","190721,190721,190721,190721,190721",MPHRIKELFENNRKWVERVNAEDPEFFSALANQQNPEYLWIGCSDSRVPANQIIGLPPGEVFVHRNIANVVVHSDLNCLSVLQFAVEVLKIRHITVVGHYGCSGVKAALTKQRFGLADNWIRHVRDVAEQHETYLGTVVNDQSRHDRLCELNVIHQVNNVCLTTVVQDAWDRGQQLTVHGWIYGVKDGMLRNLGMAVNSNEELHAQLSDAWLNYGKDGSAPTPTGY
RS_GCF_003096575.1,0,98.87,0.24,Specific,98.43,0.0,350,o__Lactobacillales (UID374),191,0.0,1432424,89.52207984730754,24,654937,40.93653039845388,1600079,RS_GCF_003096575.1,t,d__Bacteria;p__Bacillota;c__Bacilli;o__Lactobacillales;f__Lactobacillaceae;g__Convivina;s__Convivina intestini,type strain of species,LPSN,t,3,3,441658,447759,5220,1,2902,NZ_QEKT01000016.1,none,0,none,none,2902,5360,0,100,FMYJ01000024.197.3105,Bacteria;Bacillota;Bacilli;Lactobacillales;Lactobacillaceae;Leuconostoc;Leuconostocaceae bacterium R-53105,66661,72730,f,f,t,142511,142511,Scaffold,ASM309657v1,na,PRJNA224116,SAMN08769263,24,142511,none,2018-05-07,GCA_003096575.1,none,full,na,none,none,0,0,Convivina intestini,none,representative genome,3,22,3,142511,90917,59059,2018/05/07,2,1505726,1,DSM 28795,DOE Joint Genome Institute,1505726,d__Bacteria;p__Bacillota;c__Bacilli;o__Lactobacillales;f__Lactobacillaceae;g__Convivina;s__Convivina intestini,d__Bacteria;x__Terrabacteria group;p__Bacillota;c__Bacilli;o__Lactobacillales;f__Lactobacillaceae;g__Convivina;s__Convivina intestini,195,1600079,11,47,assembly from type material,1599884,0,QEKT00000000.1,1588,22,5220,1,none,none,none,none,none,none,1546,NZ_QEKT01000016.1,1546,2856,0,100,FMYJ01000024.3455.5008,Bacteria;Bacillota;Bacilli;Lactobacillales;Lactobacillaceae;Leuconostoc;Leuconostocaceae bacterium R-53105,195,19,48,0,d__Bacteria;p__Bacillota;c__Bacilli;o__Lactobacillales;f__Lactobacillaceae;g__Convivina;s__Convivina intestini,A0A2U1D578,1505726,MARIDYRDQDQWSQTTRSTNQSPINIQTNQVQVRPLSQIQIILNNLRGITAKEIPSGQQFFCEGQVNINGQSWQMERFHFHDGAEHLLDGQRYDGELHLVLKNDQQTAVLGAWLVADENKTSLALKQLFHANQLAFSLRSLLPQAQGYYHYQGTLTTPPLLENIEWFILDQPLALNPNDLAAIRANFPDNHRQIQADNGRLVEYFPVQFHIGNQFSD
RS_GCF_006717045.1,0,97.7,3.76,General,98.11,2.51,495,o__Actinomycetales (UID2012),282,18.18,7563202,91.35160284384207,3,6022387,72.74097735270296,8279222,RS_GCF_006717045.1,t,d__Bacteria;p__Actinomycetota;c__Actinomycetes;o__Mycobacteriales;f__Pseudonocardiaceae;g__Pseudonocardia;s__Pseudonocardia cypriaca,type strain of species,LPSN,f,2,2,3738413,3738413,2964811,2,3108,NZ_VFPH01000002.1,2964811,2,111,NZ_VFPH01000002.1,3125,4682,0,93.856,FRAP01000038.256.3385,Bacteria;Actinomycetota;Actinobacteria;Pseudonocardiales;Pseudonocardiaceae;Pseudonocardia;Pseudonocardia thermophila,2759740,2759740,t,f,f,2964811,2964811,Contig,ASM671704v1,na,PRJNA224116,SAMN11512112,3,2964811,none,2019-07-08,GCA_006717045.1,none,full,na,none,none,0,0,Pseudonocardia cypriaca,none,representative genome,6,none,none,none,none,none,2019/07/08,0,882449,2,DSM 45511,DOE Joint Genome Institute,882449,d__Bacteria;p__Actinomycetota;c__Actinomycetes;o__Pseudonocardiales;f__Pseudonocardiaceae;g__Pseudonocardia;s__Pseudonocardia cypriaca,d__Bacteria;x__Terrabacteria group;p__Actinomycetota;c__Actinomycetes;o__Pseudonocardiales;f__Pseudonocardiaceae;g__Pseudonocardia;s__Pseudonocardia cypriaca,0,8279222,11,47,assembly from type material,8279222,0,VFPH00000000.1,7838,3,2964811,2,none,none,none,none,none,none,1518,NZ_VFPH01000002.1,1471,2693,0,99.728,HQ157191.1.1469,Bacteria;Actinomycetota;Actinobacteria;Pseudonocardiales;Pseudonocardiaceae;Pseudonocardia;Pseudonocardia cypriaca,0,19,47,1,d__Bacteria;p__Actinomycetota;c__Actinomycetes;o__Mycobacteriales;f__Pseudonocardiaceae;g__Pseudonocardia;s__Pseudonocardia cypriaca,"A0A543GBS7,A0A543GEZ9","882449,882449",MSAEELIKRYEAGGGRLAAASAEGLAVPPSLHTAIVTCMDSRIDVFALFGMNIGETHVLRNAGGVVTDDVVRSLTISQRKLGTRDVLLVQHNGCGLATFTDDEFCEELAAETGMRPSWRTHAFRDPAQSVRRDVTQLRHDPFLHPDTRVRGFVLDIHAGVLEEVIVD
RS_GCF_000196115.1,0,99.96,2.85,Specific,99.93,0.0,140,k__Bacteria (UID2565),85,0.0,6337191,88.68691621221298,1,3958884,55.4032872927249,7145576,RS_GCF_000196115.1,t,d__Bacteria;p__Planctomycetota;c__Planctomycetia;o__Pirellulales;f__Pirellulaceae;g__Rhodopirellula;s__Rhodopirellula baltica,type strain of species,LPSN,t,1,1,7145576,7145576,7145576,1,2880,NC_005027.1,none,0,none,none,2880,5319,0,100,BX294148.36020.38912,Bacteria;Planctomycetota;Planctomycetes;Pirellulales;Pirellulaceae;Rhodopirellula;Rhodopirellula baltica SH 1,7145576,7145576,f,f,t,7145576,7145576,Complete Genome,ASM19611v1,na,PRJNA224116,SAMEA3138332,1,7145576,none,2003-07-07,GCA_000196115.1,none,full,na,none,none,1,0,Rhodopirellula baltica SH 1,7325,representative genome,3,1,1,7145576,7145576,7145576,2003/07/07,0,265606,1,1,Max-Plank-Institute,243090,d__Bacteria;p__Planctomycetota;c__Planctomycetia;o__Pirellulales;f__Pirellulaceae;g__Rhodopirellula;s__Rhodopirellula baltica,d__Bacteria;x__PVC group;p__Planctomycetota;c__Planctomycetia;o__Pirellulales;f__Pirellulaceae;g__Rhodopirellula;s__Rhodopirellula baltica;x__Rhodopirellula baltica SH 1,0,7145576,11,83,assembly from type material,7145576,0,na,5479,1,7145576,1,none,none,none,none,none,none,1532,NC_005027.1,1515,2798,0,100,BX294149.206764.208278,Bacteria;Planctomycetota;Planctomycetes;Pirellulales;Pirellulaceae;Rhodopirellula;Rhodopirellula baltica SH 1,0,19,82,0,d__Bacteria;p__Planctomycetota;c__Planctomycetia;o__Pirellulales;f__Pirellulaceae;g__Rhodopirellula;s__Rhodopirellula baltica,"Q7UJU1,Q7USW3","243090,243090",MSTSEAQTPTSIFSPSTILQDLISGLVVFLVALPLCLGIALASGADLFSGLLAGIVGGLVVAAISGSHTSVSGPAAGLTAIVAAQIASLGSFEAFLLAVLIAGVIQIIFGIARGGALSAFFPSSVIKGLLVAIGVILILKQIPHIFGHDTDPEGEMSFIQPDQENTFSELLTIFAGEIHIGAMVIGFLSIAILLVWERIPALKKSLVPAPLIVVVVGVLLNLGFTNMGQDWLVSESHLVQIPIAQSFSEFFGFLRLPDFSRTFDPAIYIAAVTIAVVASLETLLNLEAVDKLDKAKRNSPPSRELIAQGCGNMVCGLIGGLPVTSVVVRGSVNVASGSKTKMSAIFHGGLLLVSVAFLPTLMNKIPLSALAAILLVTGFKLASPAIFKQMWKEGRYQFTPFIITVIAIVVTDLLIGILIGLAISVLFILNSNLRRPIRRIVETQVDGDVTHIELSNQVSFLNRAALDRVLNESQPGGKLVIDASGSDYIDPDVLSLIRDFKQNVAPARNISVNLKGFRRKYQLSDSKQFADFTSRELQEKVTSDQVIKILHDGNQRFTSGTRLNRDLGQQVNATAAGQNPLAAILSCIDSRVPTELVFDLGVGDIFSVRVAGNIVGTKSLGSLEYAVGVAGVKLVAVLGHTRCGAVTSSVNLVAANQGAEAATGCQHLQPIVDEIAPCIPSDVTRAIENLSEEAMEQYVDKVAEDNVMHTVDEIVKRSRIIREAVEAGRVKVIGALYDVKSGHTKFLGDSVSGVIPDSSSGQTAEVAG
RS_GCF_001648155.1,0,99.94,0.23,Specific,100.0,0.0,324,o__Flavobacteriales (UID2815),204,0.0,4266048,87.56888839259322,3,1660331,34.081505888767005,4871648,RS_GCF_001648155.1,t,d__Bacteria;p__Bacteroidota;c__Bacteroidia;o__Flavobacteriales;f__Weeksellaceae;g__Chryseobacterium;s__Chryseobacterium glaciei,type strain of species,LPSN,f,1,1,4843645,4843645,4843645,7,2753,NZ_CP015199.1,4843645,7,101,NZ_CP015199.1,2753,5084,0,100,CP015199.2474986.2477750,Bacteria;Bacteroidota;Bacteroidia;Flavobacteriales;Weeksellaceae;Chryseobacterium;Chryseobacterium glaciei,1623882,1623882,t,f,f,4843645,4843645,Complete Genome,ASM164815v1,na,PRJNA224116,SAMN04524003,none,none,India:Glacier at Lahual Spiti; Himachal Pradesh,2016-05-19,GCA_001648155.1,none,full,na,glacier from Lahual Spiti valley,32.23 N 77.37 E,3,0,Chryseobacterium glaciei,4320,representative genome,21,3,1,4843645,4843645,4843645,2016/05/19,0,1685010,7,IHBB 10212,CSIR-Institute of Himalayan Bioresource Technology,1685010,d__Bacteria;p__Bacteroidota;c__Flavobacteriia;o__Flavobacteriales;f__Weeksellaceae;g__Chryseobacterium;s__Chryseobacterium glaciei,d__Bacteria;x__FCB group;x__Bacteroidota/Chlorobiota group;p__Bacteroidota;c__Flavobacteriia;o__Flavobacteriales;f__Weeksellaceae;x__Chryseobacterium group;g__Chryseobacterium;s__Chryseobacterium glaciei,0,4871648,11,80,assembly from type material,4871648,0,na,4372,3,4843645,7,none,none,none,none,none,none,1513,NZ_CP015199.1,1513,2795,0,100,CP015199.2472841.2474362,Bacteria;Bacteroidota;Bacteroidia;Flavobacteriales;Weeksellaceae;Chryseobacterium;Chryseobacterium glaciei,0,19,79,0,d__Bacteria;p__Bacteroidota;c__Bacteroidia;o__Flavobacteriales;f__Weeksellaceae;g__Chryseobacterium;s__Chryseobacterium glaciei,"A0A172XUB3,A0A172XTT8","1685010,1685010",MSQSYEVIFENNKKWVESKVANDPTFFEELAKTQNPDFLYIGCSDSRVTAEELMGTQPGEVFVTRNIANVVNTLDMSSTAVIQYAVEHLKVKHIIVCGHYNCGGVKAAMTPQDLGLLNPWLRNIRDVYRLHQAELDSIADEGKRYDRLVELNVQEQCINVIKMACVQERYILEEYPVVHGWVFDLRTGKIIDLEIDFEKILKDIQKIYNLTSSDWVMSKKKS
RS_GCF_900070365.1,0,99.99,0.5,Specific,100.0,1.38,368,o__Actinomycetales (UID1746),206,0.0,6666952,90.03175103901197,1,5153230,69.59016960175619,7405112,RS_GCF_900070365.1,t,d__Bacteria;p__Actinomycetota;c__Actinomycetes;o__Mycobacteriales;f__Pseudonocardiaceae;g__Actinokineospora;s__Actinokineospora sp900070365,not type material,none,f,1,1,7405112,7405112,7405112,3,3094,NZ_LN850107.1-#2,7405112,3,110,NZ_LN850107.1,3094,5714,0,100,LN850107.3186318.3189421,Bacteria;Actinomycetota;Actinobacteria;Pseudonocardiales;Pseudonocardiaceae;Actinokineospora;Alloactinosynnema sp. L-07,7405112,7405112,t,f,f,7405112,7405112,Complete Genome,Alloactinosynnema sp. L-07,na,PRJNA224116,SAMEA3392348,none,none,none,2015-07-14,GCA_900070365.1,none,full,Alloactinosynnema sp. L-07,none,none,1,0,Alloactinosynnema sp. L-07,6811,na,9,1,1,7405112,7405112,7405112,2015/07/14,0,1653480,3,Alloactinosynnema sp. L-07;L-07,National Center for Genome Resources (NCGR),1653480,d__Bacteria;p__Actinomycetota;c__Actinomycetes;o__Pseudonocardiales;f__Pseudonocardiaceae;g__Alloactinosynnema;s__,d__Bacteria;x__Terrabacteria group;p__Actinomycetota;c__Actinomycetes;o__Pseudonocardiales;f__Pseudonocardiaceae;g__Alloactinosynnema;x__unclassified Alloactinosynnema;s__Alloactinosynnema sp. L-07,0,7405112,11,53,na,7405112,0,na,6890,1,7405112,3,none,none,none,none,none,none,1517,NZ_LN850107.1,1510,2789,0,100,LN850107.2555705.2557214,Bacteria;Actinomycetota;Actinobacteria;Pseudonocardiales;Pseudonocardiaceae;Actinokineospora;Alloactinosynnema sp. L-07,0,19,50,0,d__Bacteria;p__Actinomycetota;c__Actinomycetes;o__Mycobacteriales;f__Pseudonocardiaceae;g__Actinokineospora;s__Actinokineospora sp900070365,"A0A0H5CDR1,A0A0H5CLR9,A0A0H5D8Q9,A0A0H5CCD5,A0A0H5CMH6","1653480,1653480,1653480,1653480,1653480",MTGQQQSPINIRHSIPIARPGEQLAINWQPRDQRFVVKKKAYGYRFAPSQDLKDNEQHHSVWLGANEYRLTEVHFHRPSEHWVNDHKFQAELHAVHVRAEDGIRRCAIGVLLNIDDNDGYAPEEPNPPVSFDLTELLPTPDKRSFYRYEGSLTTPDYGERVSWAVMTEPVTVTNPELARFIRHGADDARDPYPLNRRFVLTDHCIPNQP
RS_GCF_001544275.1,0,100.0,0.3,Specific,99.25,0.0,473,o__Lactobacillales (UID544),265,0.0,3247358,86.02537190546782,87,1500530,39.750360540880195,3774884,RS_GCF_001544275.1,t,d__Bacteria;p__Bacillota;c__Bacilli;o__Lactobacillales;f__Enterococcaceae;g__Enterococcus_D;s__Enterococcus_D gallinarum,type strain of species,LPSN,f,11,11,249012,249012,3075,1,2911,NZ_BCQE01000066.1,150387,1,111,NZ_BCQE01000012.1,2911,5376,0,100,CXPZ01002225.2080.4992,Bacteria;Bacillota;Bacilli;Lactobacillales;Enterococcaceae;Enterococcus;human gut metagenome,43389,43389,t,f,f,121030,121030,Contig,ASM154427v1,na,PRJNA224116,SAMD00045734,87,121030,none,2016-01-28,GCA_001544275.1,none,full,na,none,none,0,1,Enterococcus gallinarum NBRC 100675,3633,na,3,none,none,none,none,none,2016/01/28,0,1353,1,NBRC 100675,National Institute of Technology and Evaluation,1218091,d__Bacteria;p__Bacillota;c__Bacilli;o__Lactobacillales;f__Enterococcaceae;g__Enterococcus;s__Enterococcus gallinarum,d__Bacteria;x__Terrabacteria group;p__Bacillota;c__Bacilli;o__Lactobacillales;f__Enterococcaceae;g__Enterococcus;s__Enterococcus gallinarum;x__Enterococcus gallinarum NBRC 100675,0,3774884,11,48,assembly from type material,3774884,0,BCQE00000000.1,3648,87,1830,1,1556,2868,0,99.936,851942,k__Bacteria;p__Firmicutes;c__Bacilli;o__Lactobacillales;f__Enterococcaceae;g__Enterococcus;s__,1557,NZ_BCQE01000074.1,1557,2870,0,99.936,CP025223.1663256.1664820,Bacteria;Bacillota;Bacilli;Lactobacillales;Enterococcaceae;Enterococcus;Enterococcus sp. CR-Ec1,0,19,49,0,d__Bacteria;p__Bacillota;c__Bacilli;o__Lactobacillales;f__Enterococcaceae;g__Enterococcus_D;s__Enterococcus_D gallinarum,,,
GB_GCA_002478885.1,0,98.7,0.94,General,95.92,1.15,303,p__Bacteroidetes (UID2591),203,25.0,4757277,86.9876629895171,110,2388321,43.67620458710413,5468910,GB_GCA_002478885.1,t,d__Bacteria;p__Bacteroidota;c__Bacteroidia;o__Chitinophagales;f__Chitinophagaceae;g__DLKC01;s__DLKC01 sp002478885,not type material,none,f,23,22,197631,202298,none,0,none,none,none,0,none,none,none,none,none,none,none,none,49711,52084,f,f,t,81794,88853,Scaffold,ASM247888v1,na,PRJNA348753,SAMN06451959,110,81794,none,2017-10-06,GCA_002478885.1,derived from metagenome,full,UBA7600,Activated sludge from a full-scale wastewater treatment plant,none,0,none,Chitinophagaceae bacterium UBA7600,0,na,none,105,22,88853,47933,26436,2017/10/06,5,1951566,none,UBA7600,University of Queensland,1951566,d__Bacteria;p__Bacteroidota;c__Chitinophagia;o__Chitinophagales;f__Chitinophagaceae;g__;s__,d__Bacteria;x__FCB group;x__Bacteroidota/Chlorobiota group;p__Bacteroidota;c__Chitinophagia;o__Chitinophagales;f__Chitinophagaceae;x__unclassified Chitinophagaceae;s__Chitinophagaceae bacterium UBA7600,667,5468910,none,none,na,5468243,0,DLKC00000000.1,4497,105,none,0,none,none,none,none,none,none,none,none,none,none,none,none,none,none,667,18,35,0,d__Bacteria;p__Bacteroidota;c__Bacteroidia;o__Chitinophagales;f__Chitinophagaceae;g__DLKC01;s__DLKC01 sp002478885,,,
RS_GCF_002441885.1,8,99.99,0.14,Specific,98.11,0.13,472,o__Lactobacillales (UID543),265,0.0,1904677,86.43906419404482,87,852050,38.66932676658985,2203491,RS_GCF_002441885.1,t,d__Bacteria;p__Bacillota;c__Bacilli;o__Lactobacillales;f__Streptococcaceae;g__Lactococcus_A;s__Lactococcus_A chungangensis,type strain of species,LPSN,f,9,9,249186,249186,2973,1,2902,NZ_JXJT01000051.1,63103,1,109,NZ_JXJT01000010.1,2902,5236,0,99.242,CP023392.1187816.1190723,Bacteria;Bacillota;Bacilli;Lactobacillales;Streptococcaceae;Lactococcus;Lactococcus raffinolactis,25326,25621,t,f,f,71448,91773,Scaffold,ASM244188v1,na,PRJNA224116,SAMN03267149,87,71448,South Korea,2017-10-04,GCA_002441885.1,none,full,na,foam sample taken from an activated sludge wastewater treatment plant,none,0,0,Lactococcus chungangensis CAU 28 = DSM 22330,2156,representative genome,3,86,9,91773,42571,15998,2017/10/04,1,451457,1,DSM 22330,Inner Mongolia Agricultural University,1122154,d__Bacteria;p__Bacillota;c__Bacilli;o__Lactobacillales;f__Streptococcaceae;g__Lactococcus;s__Lactococcus chungangensis,d__Bacteria;x__Terrabacteria group;p__Bacillota;c__Bacilli;o__Lactobacillales;f__Streptococcaceae;g__Lactococcus;s__Lactococcus chungangensis;x__Lactococcus chungangensis CAU 28 = DSM 22330,57,2203491,11,39,assembly from type material,2203434,0,JXJT00000000.1,2173,86,2203,1,1555,2780,0,98.971,4334957,k__Bacteria;p__Firmicutes;c__Bacilli;o__Lactobacillales;f__Streptococcaceae;g__Lactococcus;s__,1554,NZ_JXJT01000053.1,1537,2787,0,99.414,FPLP01005615.17.1552,Bacteria;Bacillota;Bacilli;Lactobacillales;Streptococcaceae;Lactococcus;metagenome,57,18,39,0,d__Bacteria;p__Bacillota;c__Bacilli;o__Lactobacillales;f__Streptococcaceae;g__Lactococcus_A;s__Lactococcus_A chungangensis,"A0A1K2H515,A0A1K2H5H5","1122154,1122154",MTFITLVVSLTACASNTAKKSVTSQSNVSKSGKKHHLDYDDQKDWKFESGDSQSPINIDTTKIEKMTDSGTITLNYATDFEKVVDNGHSIEAEVKGNAEINGRQYNLKQFHFHAPSEHEIDGKHYPLEVHFVNQAQDGRIAVIAAMFQEGEANATFQAILDHIDADTSGTMTLNDLLPKDQDYYHYNGSLTTPPLSENVEWYVMKHPVTLSTEQLKAFRKYYDDNNRKIQETNHRAILSHDD
